{"accuracy": 4, "auto_tune_backend": true, "auto_tune_target_transform": true, "classification": true, "cols_to_drop": [], "config_dict": {"allow_config_overrides_in_expert_page": true, "config_overrides": "", "user_config_directory": "", "vis_server_ip": "127.0.0.1", "vis_server_port": 12346, "procsy_ip": "127.0.0.1", "procsy_port": 12347, "h2o_ip": "127.0.0.1", "h2o_port": 12348, "h2o_recipes_url": "None", "h2o_recipes_ip": "None", "h2o_recipes_port": 50321, "h2o_recipes_name": "None", "h2o_recipes_nthreads": -1, "h2o_recipes_log_level": "None", "h2o_recipes_max_mem_size": "None", "h2o_recipes_min_mem_size": "None", "ip": "127.0.0.1", "port": 12345, "max_file_upload_size": 104857600000, "log_level": 1, "collect_server_logs_in_experiment_logs": false, "redis_ip": "127.0.0.1", "redis_port": 6379, "master_redis_password": "t1Oi8w3coZczF50428ABc6XCCsBvlU3O", "enable_https": false, "ssl_key_file": "/etc/dai/private_key.pem", "ssl_crt_file": "/etc/dai/cert.pem", "ssl_no_sslv2": true, "ssl_no_sslv3": true, "ssl_no_tlsv1": true, "ssl_no_tlsv1_1": true, "ssl_no_tlsv1_2": false, "ssl_no_tlsv1_3": false, "data_directory": "./tmp", "enable_quick_benchmark": true, "enable_extended_benchmark": false, "extended_benchmark_scale_num_rows": 0.1, "enable_startup_checks": false, "usage_stats_opt_in": false, "authentication_method": "local", "authentication_default_timeout_hours": 72, "auth_openid_provider_base_uri": "", "auth_openid_configuration_uri": "", "auth_openid_auth_uri": "", "auth_openid_token_uri": "", "auth_openid_userinfo_uri": "", "auth_openid_logout_uri": "", "auth_openid_redirect_uri": "", "auth_openid_grant_type": "", "auth_openid_response_type": "", "auth_openid_client_id": "", "auth_openid_client_secret": "", "auth_openid_scope": "", "auth_openid_userinfo_auth_key": "", "auth_openid_userinfo_auth_value": "", "auth_openid_userinfo_username_key": "", "auth_openid_urlencode_quote_via": "quote", "auth_openid_access_token_expiry_key": "expires_in", "auth_openid_refresh_token_expiry_key": "refresh_expires_in", "auth_openid_token_expiration_secs": 3600, "ldap_server": "", "ldap_port": "", "ldap_bind_dn": "", "ldap_bind_password": "", "ldap_tls_file": "", "ldap_use_ssl": "", "ldap_search_base": "", "ldap_search_filter": "", "ldap_search_attributes": "", "ldap_user_name_attribute": "", "ldap_recipe": "0", "ldap_user_prefix": "", "ldap_search_user_id": "", "ldap_search_password": "", "ldap_ou_dn": "", "ldap_dc": "", "ldap_base_dn": "", "ldap_base_filter": "", "local_htpasswd_file": "/config/htpasswd", "supported_file_types": ["csv", "tsv", "txt", "dat", "tgz", "gz", "bz2", "zip", "xz", "xls", "xlsx", "jay", "feather", "bin", "arff", "parquet"], "list_files_without_extensions": false, "enabled_file_systems": ["upload", "file", "hdfs", "s3"], "max_files_listed": 100, "do_not_log_list": ["local_htpasswd_file", "aws_access_key_id", "aws_secret_access_key", "snowflake_password", "snowflake_url", "snowflake_user", "snowflake_account", "minio_endpoint_url", "minio_access_key_id", "minio_secret_access_key", "kdb_user", "kdb_password", "ldap_bind_password", "gcs_path_to_service_account_json", "azure_blob_account_name", "azure_blob_account_key", "deployment_aws_access_key_id", "deployment_aws_secret_access_key", "master_minio_access_key_id", "master_minio_secret_access_key", "master_redis_password", "auth_openid_client_id", "auth_openid_client_secret", "auth_openid_userinfo_auth_key", "auth_openid_userinfo_auth_value", "auth_openid_userinfo_username_key"], "master_minio_address": "<URL>:<PORT>", "master_minio_access_key_id": "", "master_minio_secret_access_key": "", "allow_localstorage": true, "allow_orig_cols_in_predictions": true, "max_runtime_minutes": 0, "recipe": "auto", "feature_engineering_effort": 5, "check_distribution_shift": "auto", "check_distribution_shift_drop": "auto", "drop_features_distribution_shift_threshold_auc": 0.6, "check_leakage": "auto", "drop_features_leakage_threshold_auc": 0.999, "make_python_scoring_pipeline": true, "make_mojo_scoring_pipeline": false, "max_cores": -1, "max_cores_dai": -1, "stall_subprocess_submission_dai_fork_threshold_count": 0, "stall_subprocess_submission_mem_threshold_pct": 2, "max_cores_by_physical": true, "max_cores_limit": 100, "num_gpus_per_experiment": 0, "num_gpus_per_model": 0, "min_dt_threads_munging": 4, "min_dt_threads_final_munging": 4, "max_dt_threads_munging": 10, "gpu_id_start": 0, "max_workers": 1, "ping_period": 60, "ping_sleep_period": 1, "disk_limit_gb": 5, "memory_limit_gb": 5, "min_num_rows": 100, "min_rows_per_class": 5, "min_rows_per_split": 5, "data_precision": "float32", "transformer_precision": "float32", "ulimit_up_to_hard_limit": true, "limit_nofile": 65535, "limit_nproc": 16384, "reproducibility_level": 1, "seed": 1234, "missing_values": ["", "?", "None", "nan", "NA", "N/A", "unknown", "inf", "-inf", "1.7976931348623157e+308", "-1.7976931348623157e+308"], "tf_nan_impute_value": -5, "statistical_threshold_data_size_small": 100000, "statistical_threshold_data_size_large": 500000000, "aux_threshold_data_size_large": 10000000, "performance_threshold_data_size_small": 100000, "performance_threshold_data_size_large": 100000000, "feature_evolution_data_size": 100000000, "max_cols": 10000, "max_rows_col_stats": 1000000, "max_orig_cols_selected": 10000, "max_orig_numeric_cols_selected": 10000, "max_orig_nonnumeric_cols_selected": 500, "max_orig_cols_selected_simple_factor": 2, "max_relative_cardinality": 0.95, "max_absolute_cardinality": 1000000, "num_as_cat": true, "max_int_as_cat_uniques": 50, "num_folds": 3, "allow_different_classes_across_fold_splits": true, "full_cv_accuracy_switch": 8, "ensemble_accuracy_switch": 5, "fixed_ensemble_level": -1, "num_ensemble_folds": 5, "fold_reps": 1, "imbalance_ratio_undersampling_threshold": 5, "enable_imbalanced_sampling": "auto", "quantile_imbalanced_sampling": false, "max_num_classes": 200, "num_actuals_vs_predicted": 100, "feature_brain_level": 0, "brain_maximum_diff_score": 0.1, "max_num_brain_indivs": 3, "feature_brain_save_every_iteration": 0, "which_iteration_brain": -1, "brain_rel_dir": "H2O.ai_brain", "brain_max_size_GB": 20, "early_stopping": true, "early_stopping_per_individual": true, "min_dai_iterations": 0, "nfeatures_max": -1, "tensorflow_max_epochs_nlp": 2, "enable_tensorflow_nlp_accuracy_switch": 5, "enable_tensorflow_textcnn": "auto", "enable_tensorflow_textbigru": "auto", "enable_tensorflow_charcnn": "auto", "tensorflow_nlp_pretrained_embeddings_file_path": "", "text_fraction_for_text_dominated_problem": 0.3, "text_transformer_fraction_for_text_dominated_problem": 0.3, "string_col_as_text_threshold": 0.3, "string_col_as_text_min_relative_cardinality": 0.1, "string_col_as_text_min_absolute_cardinality": 100, "monotonicity_constraints_interpretability_switch": 7, "max_feature_interaction_depth": -1, "tune_parameters_accuracy_switch": 3, "parameter_tuning_num_models": -1, "tune_target_transform_accuracy_switch": 3, "target_transformer": "auto", "tournament_style": "auto", "tournament_uniform_style_interpretability_switch": 6, "tournament_uniform_style_accuracy_switch": 6, "tournament_model_style_accuracy_switch": 6, "tournament_feature_style_accuracy_switch": 7, "tournament_fullstack_style_accuracy_switch": 8, "num_individuals": 2, "fixed_num_individuals": 0, "fixed_num_folds": 0, "fixed_fold_reps": 0, "fixed_only_first_fold_model": false, "sanitize_natural_sort_limit": 1000, "enable_target_encoding": true, "included_transformers": ["CVCatNumEncodeTransformer", "CVTargetEncodeTransformer", "CatOriginalTransformer", "ClusterDistTransformer", "ClusterIdTransformer", "ClusterTETransformer", "DateOriginalTransformer", "DateTimeOriginalTransformer", "DatesTransformer", "EwmaLagsTransformer", "FrequentTransformer", "InteractionsTransformer", "IsHolidayTransformer", "LagsAggregatesTransformer", "LagsInteractionTransformer", "LagsTransformer", "NumCatTETransformer", "NumToCatTETransformer", "NumToCatWoEMonotonicTransformer", "NumToCatWoETransformer", "OneHotEncodingTransformer", "OriginalTransformer", "TextBiGRUTransformer", "TextCNNTransformer", "TextCharCNNTransformer", "TextLinModelTransformer", "TextTransformer", "TruncSVDNumTransformer", "WeightOfEvidenceTransformer"], "excluded_transformers": [], "included_genes": [], "excluded_genes": [], "included_models": ["FTRL", "GLM", "LIGHTGBM", "RULEFIT", "TENSORFLOW", "XGBOOSTDART", "XGBOOSTGBM"], "excluded_models": [], "included_scorers": ["ACCURACY", "AUC", "AUCPR", "F05", "F1", "F2", "GINI", "LOGLOSS", "MACROAUC", "MAE", "MAPE", "MCC", "MER", "MSE", "R2", "RMSE", "RMSLE", "RMSPE", "SMAPE"], "excluded_scorers": [], "params_lightgbm": {}, "params_xgboost": {}, "params_dart": {}, "params_tensorflow": {}, "params_gblinear": {}, "params_rulefit": {}, "params_ftrl": {}, "params_tune_lightgbm": {}, "params_tune_xgboost": {}, "params_tune_dart": {}, "params_tune_tensorflow": {}, "params_tune_gblinear": {}, "params_tune_rulefit": {}, "params_tune_ftrl": {}, "params_tune_grow_policy_simple_trees": true, "enable_xgboost_gbm": "auto", "enable_xgboost_dart": "auto", "xgboost_threshold_data_size_large": 100000000, "xgboost_gpu_threshold_data_size_large": 30000000, "enable_glm": "auto", "enable_lightgbm": "auto", "enable_rf": "auto", "enable_tensorflow": "off", "enable_rulefit": "auto", "enable_ftrl": "auto", "max_nestimators": 3000, "max_nestimators_feature_evolution_factor": 0.2, "max_max_depth": 12, "default_max_bin": 256, "default_lightgbm_max_bin": 64, "max_max_bin": 256, "min_max_bin": 32, "scale_mem_for_max_bin": 10737418240, "factor_rf": 1.5, "max_learning_rate": 0.5, "min_learning_rate": 0.05, "min_learning_rate_final": 0.01, "max_epochs": 10, "tensorflow_use_all_cores": true, "tensorflow_use_all_cores_even_if_reproducible_true": false, "rulefit_max_num_rules": -1, "rulefit_max_tree_depth": 6, "rulefit_max_num_trees": 100, "rulefit_threshold_data_size_large": 100000000, "one_hot_encoding_cardinality_threshold": 50, "te_bin_list": [25, 10, 100, 250], "woe_bin_list": [25, 10, 100, 250], "ohe_bin_list": [10, 25, 50, 75, 100], "drop_constant_columns": true, "shift_check_text": false, "shift_key_features_varimp": 0.01, "shift_check_reduced_features": true, "shift_trees": 100, "shift_max_bin": 256, "shift_max_depth": 4, "detect_features_distribution_shift_threshold_auc": 0.55, "drop_features_distribution_shift_min_features": 1, "leakage_check_text": false, "leakage_key_features_varimp": 0.001, "leakage_check_reduced_features": true, "leakage_trees": 100, "leakage_max_bin": 256, "leakage_max_depth": 4, "detect_features_leakage_threshold_auc": 0.95, "detect_features_per_feature_leakage_threshold_auc": 0.8, "drop_features_leakage_min_features": 1, "leakage_train_test_split": 0.25, "detailed_traces": false, "abs_tol_for_perfect_score": 0.0001, "time_series_recipe": true, "min_ymd_timestamp": 19700101, "max_ymd_timestamp": 20300101, "max_rows_datetime_format_detection": 100000, "holiday_features": true, "holiday_country": "US", "max_time_series_properties_sample_size": 250000, "max_lag_sizes": -1, "min_lag_autocorrelation": 0.1, "max_signal_lag_sizes": 100, "sample_lag_sizes": false, "prob_default_lags": 0.2, "max_sampled_lag_sizes": 10, "override_lag_sizes": "", "min_lag_size": -1, "allow_tgc_memorization": false, "tgc_only_use_all_groups": true, "time_series_holdout_preds": true, "time_series_max_n_splits": 20, "prob_lag_non_targets": 0.1, "prob_lagsinteraction": 0.1, "prob_lagsaggregates": 0.1, "mli_sample_above_for_scoring": 1000000, "mli_sample_above_for_training": 100000, "mli_sample_size": 100000, "mli_num_quantiles": 10, "mli_drf_num_trees": 100, "mli_fast_approx": true, "fast_approx_num_trees": 50, "fast_approx_do_one_fold_one_model": true, "mli_drf_max_depth": 20, "mli_sample_training": true, "klime_lambda": [1e-06, 1e-08], "klime_alpha": 0.0, "mli_max_numeric_enum_cardinality": 25, "mli_max_number_cluster_vars": 6, "use_all_columns_klime_kmeans": false, "mli_strict_version_check": true, "mli_cloud_name": "", "mli_ice_per_bin_strategy": false, "dump_varimp_every_scored_indiv": false, "dump_modelparams_every_scored_indiv": true, "dump_modelparams_every_scored_indiv_feature_count": 3, "dump_modelparams_separate_files": false, "autodoc_template": "report_template.docx", "autodoc_output_type": "docx", "autodoc_report_name": "report", "autodoc_coef_table_num_models": 1, "autodoc_coef_table_num_folds": -1, "autodoc_coef_table_num_coef": 50, "autodoc_coef_table_num_classes": 9, "autodoc_coef_table_appendix_results_table": false, "autodoc_min_relative_importance": 0.003, "autodoc_num_features": 50, "autodoc_pd_max_runtime": 20, "autodoc_out_of_range": 3, "autodoc_data_summary_col_num": -1, "compute_correlation": false, "produce_correlation_heatmap": false, "high_correlation_value_to_report": 0.95, "write_trans_timings": true, "delete_preview_trans_timings": true, "preview_cache_upon_server_exit": true, "core_site_xml_path": "", "hdfs_config_path": "", "key_tab_path": "", "file_hide_data_directory": true, "file_path_filtering_enabled": false, "file_path_filter_include": [], "hdfs_auth_type": "noauth", "hdfs_app_principal_user": "", "hdfs_app_login_user": "", "hdfs_app_jvm_args": "", "hdfs_app_classpath": "", "dtap_auth_type": "noauth", "dtap_config_path": "", "dtap_key_tab_path": "", "dtap_app_principal_user": "", "dtap_app_login_user": "", "dtap_app_jvm_args": "", "dtap_app_classpath": "", "aws_access_key_id": "", "aws_secret_access_key": "", "aws_role_arn": "", "aws_default_region": "", "aws_s3_endpoint_url": "", "aws_use_ec2_role_credentials": false, "s3_init_path": "s3://h2o-public-test-data/smalldata/", "gcs_path_to_service_account_json": "", "minio_endpoint_url": "", "minio_access_key_id": "", "minio_secret_access_key": "", "snowflake_url": "", "snowflake_user": "", "snowflake_password": "", "snowflake_account": "", "kdb_user": "", "kdb_password": "", "kdb_hostname": "", "kdb_port": "", "kdb_app_classpath": "", "kdb_app_jvm_args": "", "azure_blob_account_name": "", "azure_blob_account_key": "", "azure_connection_string": "", "listeners_experiment_start": "", "listeners_experiment_done": "", "h2o_storage_address": "", "h2o_storage_tls_enabled": true, "h2o_storage_tls_ca_path": "", "h2o_storage_tls_cert_path": "", "h2o_storage_tls_key_path": "", "deployment_aws_access_key_id": "", "deployment_aws_secret_access_key": "", "deployment_aws_bucket_name": "", "allow_form_autocomplete": true, "enable_projects": true, "enable_custom_recipes": true, "enable_custom_recipes_upload": true, "show_developer_settings": false, "enable_benchmark_each_experiment": false, "datatable_verbose_log": false, "gpu_locking_type": "global", "gpu_lock_data_size": 150000000, "gpu_lock_safety_factor": 3, "gpu_lock_delay": 10.0, "gpu_lock_min_delay": 0.0, "tensorflow_allow_cpu_only": false, "debug": false, "debug_log": false, "debug_print": false, "debug_print_server": false, "ping_period_debug": 20, "hard_asserts": false, "check_1_vs_N": false, "check_pred_contribs_sum": false, "enable_funnel": false, "quiet_funnel": true, "dummy": 0, "debug_ga": false, "debug_indiv": false, "uniquify_indiv": true, "debug_daimodel_level": 0, "brain_food_full": false, "memory_ref": 137438953472, "rows_ref": 2000000, "memory_score_factor_ref": 0.2, "use_dummy_pool": false, "use_dummy_pool_onetask": false, "use_dummy_pool_detect_types": false, "use_dummy_pool_capture_schema": false, "use_dummy_pool_fs": false, "use_dummy_pool_dl2": false, "use_dummy_pool_munging": false, "use_dummy_pool_training": false, "use_dummy_pool_xgb_fit": false, "use_dummy_pool_lgbm_fit": false, "use_dummy_pool_predict": false, "use_dummy_pool_score": false, "use_dummy_pool_final_munging": false, "use_dummy_pool_final_training": false, "use_dummy_pool_final_predict": false, "use_dummy_pool_mojo": false, "use_global_isolation_pool": false, "stalled_time_nrows_ref": 1000000, "stalled_time_nrowscols_ref": 10000000, "stalled_time_ref": 240.0, "stalled_time_min": 120.0, "stalled_time_kill_ref": 440.0, "stalled_pool_cpu_percent_threshold_kill": 5.0, "stalled_pool_gpu_percent_threshold_kill": 5.0, "cpu_percent_check_period_stalled": 0.3, "cpu_percent_per_experiment_check_period_logging": 0.1, "cpu_gpu_stall_max_count": 10, "cpu_stall_max_factor_interval": 20, "autodl_stall_sigusr1": true, "onetask_trials": 2, "pool_mark": "_", "acquire_mark": "+", "task_sync_mark": "*", "ping_mark": "_ping_", "pool_wait_mark": "|", "pool_submit_mark": "=", "pool_busy_mark": "#", "task_sync_key_length": 6, "xgb_in_subprocess": true, "enable_preview_time_estimate": true, "enable_preview_time_estimate_rough": true, "xgb_memory_pickled_estimate": false, "debug_h2o4gpu_level": 0, "enable_h2o4gpu_kmeans": false, "enable_h2o4gpu_truncatedsvd": false, "use_gpu_for_prediction": false, "min_bootstrap_samples": 4, "max_bootstrap_samples": 100, "min_bootstrap_sample_size_factor": 1.0, "max_bootstrap_sample_size_factor": 10.0, "server_proctitle": "h2oai-DriverlessAI", "server_fork_proctitle": "h2oai-DAI-fork", "server_db_checkpoint_period": 10, "server_wal_mode": true, "server_wal_db_checkpoint_period": 360, "enable_gpu_usage_in_gui": true, "ping_check_period_memory": 5, "ping_check_period_usage": 5, "ping_check_period_files": 60, "ping_check_server_health": true, "ping_check_period_server_health": 1.0, "ping_check_period_server_exists": 10.0, "ping_check_period_server_health_hard_assert_limit": 60.0, "ping_check_server_health_debug_duration_always_print": false, "ping_check_period_server_health_info_logger": true, "server_health_sigusr1": false, "server_runtime_metrics": false, "ping_check_period": 5, "gpu_small_data_size": 100000, "max_rows_tuning": 1000, "benford_mad_threshold_int": 0.03, "benford_mad_threshold_real": 0.1, "stop_early_rel_std": 0.1, "varimp_threshold_at_interpretability_10": 0.05, "fs_interpretabilty_switch": 6, "fs_prune_by_genes": false, "varimp_fspermute_factor": 1.0, "max_rows_fs": 1000000, "ngenes_min": -1, "ngenes_max": -1, "nfeatures_min": -1, "features_per_gene": 1, "nfeatures_max_factor": 1.0, "use_unit_pool_protection": true, "always_use_unit_pool_protection": false, "trigger_subprocess_catch_rows_times_columns": 10000000, "strict_gpu_non_overlap": false, "round_up_indivs_for_busy_gpus": true, "terminate_train_backend_tuning": true, "terminate_train_tuning": true, "terminate_train_feature_evolution": true, "reduce_by_genes": false, "keep_fraction_default": 1.0, "reduce_randomly": false, "reduce_by_fraction": 0.1, "reduce_count_max": 10, "preserve_oom_reduced_features": true, "preserve_varimp_reduced_features": false, "preserve_reduced_features_for_final_model": true, "mutation_rate": -1, "extra_mutation_level": -1, "tuning_share_varimp_accuracy_switch": 5, "tuning_share_varimp": "best", "fresh_indiv_accuracy_switch": 7, "enable_tensorflow_import": true, "detailed_tensorflow_import_error": false, "enable_lightgbm_import": true, "check_clinfo_timeout": 30, "check_java_timeout": 30, "prob_add_genes": 0.5, "prob_prune_genes": 0.5, "prob_perturb_xgb": 0.25, "perturb_xgb_depth_random": false, "perturb_xgb_depth_min": 3, "perturb_xgb_depth_max": 10, "prob_addbest_genes": 0.5, "explore_more_unused_genes": true, "explore_gene_anneal": true, "explore_prob0": 0.5, "explore_anneal_factor": 0.9, "explore_prob_lowest": 0.1, "explore_grow_anneal": true, "grow_prob0": 0.8, "grow_anneal_factor": 0.5, "grow_prob_lowest": 0.05, "grow_proboff": 0.5, "prob_tune_model_vs_features": 0.5, "xgboost_interpretability_switch": 10, "xgboost_accuracy_switch": 1, "booster_for_fs_permute": "lightgbm", "default_booster": "lightgbm", "threshold_data_size_large_to_use_cpu_for_fs": 100000000, "lightgbm_interpretability_switch": 10, "lightgbm_accuracy_switch": 1, "tensorflow_interpretability_switch": 6, "tensorflow_accuracy_switch": 5, "tensorflow_num_classes_switch": 5, "textlin_num_classes_switch": 5, "text_gene_dim_reduction_choices": [50], "text_gene_max_ngram": [1, 2, 3], "glm_do_lambda_search": true, "glm_do_lambda_search_by_eval_metric": false, "glm_lambda_early_stopping_rounds": 4, "glm_optimal_refit": true, "glm_interpretability_switch": 6, "glm_accuracy_switch": 5, "fixup_nanpreds": true, "fixup_infX": true, "rulefit_interpretability_switch": 1, "rulefit_accuracy_switch": 8, "enable_cache_final_pipeline": false, "top_pid": 3231, "golden_fatal": false, "notification_url": "https://s3.amazonaws.com/ai.h2o.notifications/dai_notifications_prod.json", "ping_run_type": "fork", "lock_logs": true, "lock_logs_server": false, "debug_feature_cache_files": false, "debug_final_feature_cache_files": false, "generate_fresh_logger_every_log": true, "final_munging_memory_reduction_factor": 2, "munging_memory_overhead_factor": 5, "munging_memory_available": 0, "munging_max_workers_verbose": false, "prob_segfault_ga_pipeline": 0.0, "prob_segfault_ga_model": 0.0, "prob_segfault_final_pipeline": 0.0, "prob_segfault_final_model": 0.0, "prob_segfault_lightgbm": 0.0, "prob_segfault_xgboost": 0.0, "prob_segfault_gblinear": 0.0, "prob_segfault_tensorflow": 0.0, "prob_segfault_rulefit": 0.0, "prob_stall_ga_pipeline": 0.0, "prob_stall_fitmodel": 0.0, "prob_stall_final_pipeline": 0.0, "prob_stall_kill_ga_pipeline": 0.0, "prob_stall_kill_fitmodel": 0.0, "prob_stall_kill_final_pipeline": 0.0, "prob_finish_early": 0.0, "prob_abort_early": 0.0, "stall_subprocess_submission_cpu_threshold_pct": 100, "stall_subprocess_submission_dai_fork_threshold_pct": -1.0, "stall_subprocess_submission_experiment_fork_threshold_pct": -1.0, "stall_by_memory": true, "stall_by_cores": true, "restrict_initpool_by_memory": true, "restrict_initpool_by_cores": false, "base_fork_count": 2, "experiment_nice_level": 100, "random_control": false, "dill_for_model": false, "gzip_for_model": true, "bzip_for_model": false, "compression_level_for_model": 5, "check_nvidia_smi_during_experiment": false, "small_pool_sleeptouse": 0.005, "large_pool_sleeptouse": 0.01, "onetask_sleeptouse": 0.01, "onetask_fast_sleeptouse": 0.0001, "pool_default_sleeptouse": 0.001, "trace_detect_types": false, "trace_fit_transform": false, "trace_final_fit_transform": false, "trace_final_transform": false, "terminate_experiment_if_server_lost": false, "show_all_filesystems": false, "use_uuids": true, "resumed_experiment_id": "", "reproducible": true, "server_recipe_url": "", "enable_custom_transformers": true, "enable_custom_models": true, "enable_custom_scorers": true, "recipe_load_raise_on_first_error": false, "recipe_load_raise_on_first_error_but_keep_accepted_recipes": false, "recipe_load_raise_on_any_error": true, "version_old_custom": false, "version_old_custom_by_filename": false, "write_recipes_to_experiment_folder": true, "write_recipes_to_experiment_logger": false, "contrib_relative_directory": "contrib", "contrib_env_relative_directory": "contrib/env", "fast_import": false, "mli_batch_size": 10000, "mli_dt_nthreads": 4, "enable_acceptance_tests": true, "acceptance_tests_max_number_of_parameter_combinations": 20, "contrib_reload_and_recheck_server_start": true, "recipe_test_import_after_load_package": false, "debug_custom": false, "skip_transformer_failures": true, "skip_model_failures": true, "detailed_skip_failure_messages_level": 1, "protect_base_env": true, "check_cuda_context_testing": false, "enable_dataset_downloading": true, "extra_http_headers": {}, "enable_benchmark": false}, "config_dict_for_json": {"allow_config_overrides_in_expert_page": true, "user_config_directory": "", "vis_server_ip": "127.0.0.1", "vis_server_port": 12346, "procsy_ip": "127.0.0.1", "procsy_port": 12347, "h2o_ip": "127.0.0.1", "h2o_port": 12348, "h2o_recipes_url": "None", "h2o_recipes_ip": "None", "h2o_recipes_port": 50321, "h2o_recipes_name": "None", "h2o_recipes_nthreads": -1, "h2o_recipes_log_level": "None", "h2o_recipes_max_mem_size": "None", "h2o_recipes_min_mem_size": "None", "ip": "127.0.0.1", "port": 12345, "max_file_upload_size": 104857600000, "log_level": 1, "collect_server_logs_in_experiment_logs": false, "redis_ip": "127.0.0.1", "redis_port": 6379, "enable_https": false, "ssl_key_file": "/etc/dai/private_key.pem", "ssl_crt_file": "/etc/dai/cert.pem", "ssl_no_sslv2": true, "ssl_no_sslv3": true, "ssl_no_tlsv1": true, "ssl_no_tlsv1_1": true, "ssl_no_tlsv1_2": false, "ssl_no_tlsv1_3": false, "data_directory": "./tmp", "enable_quick_benchmark": true, "enable_extended_benchmark": false, "extended_benchmark_scale_num_rows": 0.1, "enable_startup_checks": false, "usage_stats_opt_in": false, "authentication_method": "local", "authentication_default_timeout_hours": 72, "auth_openid_provider_base_uri": "", "auth_openid_configuration_uri": "", "auth_openid_auth_uri": "", "auth_openid_token_uri": "", "auth_openid_userinfo_uri": "", "auth_openid_logout_uri": "", "auth_openid_redirect_uri": "", "auth_openid_grant_type": "", "auth_openid_response_type": "", "auth_openid_scope": "", "auth_openid_urlencode_quote_via": "quote", "auth_openid_access_token_expiry_key": "expires_in", "auth_openid_refresh_token_expiry_key": "refresh_expires_in", "auth_openid_token_expiration_secs": 3600, "ldap_server": "", "ldap_port": "", "ldap_bind_dn": "", "ldap_tls_file": "", "ldap_use_ssl": "", "ldap_search_base": "", "ldap_search_filter": "", "ldap_search_attributes": "", "ldap_user_name_attribute": "", "ldap_recipe": "0", "ldap_user_prefix": "", "ldap_search_user_id": "", "ldap_search_password": "", "ldap_ou_dn": "", "ldap_dc": "", "ldap_base_dn": "", "ldap_base_filter": "", "supported_file_types": ["csv", "tsv", "txt", "dat", "tgz", "gz", "bz2", "zip", "xz", "xls", "xlsx", "jay", "feather", "bin", "arff", "parquet"], "list_files_without_extensions": false, "enabled_file_systems": ["upload", "file", "hdfs", "s3"], "max_files_listed": 100, "do_not_log_list": ["local_htpasswd_file", "aws_access_key_id", "aws_secret_access_key", "snowflake_password", "snowflake_url", "snowflake_user", "snowflake_account", "minio_endpoint_url", "minio_access_key_id", "minio_secret_access_key", "kdb_user", "kdb_password", "ldap_bind_password", "gcs_path_to_service_account_json", "azure_blob_account_name", "azure_blob_account_key", "deployment_aws_access_key_id", "deployment_aws_secret_access_key", "master_minio_access_key_id", "master_minio_secret_access_key", "master_redis_password", "auth_openid_client_id", "auth_openid_client_secret", "auth_openid_userinfo_auth_key", "auth_openid_userinfo_auth_value", "auth_openid_userinfo_username_key"], "master_minio_address": "<URL>:<PORT>", "allow_localstorage": true, "allow_orig_cols_in_predictions": true, "max_runtime_minutes": 0, "recipe": "auto", "feature_engineering_effort": 5, "check_distribution_shift": "auto", "check_distribution_shift_drop": "auto", "drop_features_distribution_shift_threshold_auc": 0.6, "check_leakage": "auto", "drop_features_leakage_threshold_auc": 0.999, "make_python_scoring_pipeline": true, "make_mojo_scoring_pipeline": false, "max_cores": -1, "max_cores_dai": -1, "stall_subprocess_submission_dai_fork_threshold_count": 0, "stall_subprocess_submission_mem_threshold_pct": 2, "max_cores_by_physical": true, "max_cores_limit": 100, "num_gpus_per_experiment": 0, "num_gpus_per_model": 0, "min_dt_threads_munging": 4, "min_dt_threads_final_munging": 4, "max_dt_threads_munging": 10, "gpu_id_start": 0, "max_workers": 1, "ping_period": 60, "ping_sleep_period": 1, "disk_limit_gb": 5, "memory_limit_gb": 5, "min_num_rows": 100, "min_rows_per_class": 5, "min_rows_per_split": 5, "data_precision": "float32", "transformer_precision": "float32", "ulimit_up_to_hard_limit": true, "limit_nofile": 65535, "limit_nproc": 16384, "reproducibility_level": 1, "seed": 1234, "missing_values": ["", "?", "None", "nan", "NA", "N/A", "unknown", "inf", "-inf", "1.7976931348623157e+308", "-1.7976931348623157e+308"], "tf_nan_impute_value": -5, "statistical_threshold_data_size_small": 100000, "statistical_threshold_data_size_large": 500000000, "aux_threshold_data_size_large": 10000000, "performance_threshold_data_size_small": 100000, "performance_threshold_data_size_large": 100000000, "feature_evolution_data_size": 100000000, "max_cols": 10000, "max_rows_col_stats": 1000000, "max_orig_cols_selected": 10000, "max_orig_numeric_cols_selected": 10000, "max_orig_nonnumeric_cols_selected": 500, "max_orig_cols_selected_simple_factor": 2, "max_relative_cardinality": 0.95, "max_absolute_cardinality": 1000000, "num_as_cat": true, "max_int_as_cat_uniques": 50, "num_folds": 3, "allow_different_classes_across_fold_splits": true, "full_cv_accuracy_switch": 8, "ensemble_accuracy_switch": 5, "fixed_ensemble_level": -1, "num_ensemble_folds": 5, "fold_reps": 1, "imbalance_ratio_undersampling_threshold": 5, "enable_imbalanced_sampling": "auto", "quantile_imbalanced_sampling": false, "max_num_classes": 200, "num_actuals_vs_predicted": 100, "feature_brain_level": 0, "brain_maximum_diff_score": 0.1, "max_num_brain_indivs": 3, "feature_brain_save_every_iteration": 0, "which_iteration_brain": -1, "brain_rel_dir": "H2O.ai_brain", "brain_max_size_GB": 20, "early_stopping": true, "early_stopping_per_individual": true, "min_dai_iterations": 0, "nfeatures_max": -1, "tensorflow_max_epochs_nlp": 2, "enable_tensorflow_nlp_accuracy_switch": 5, "enable_tensorflow_textcnn": "auto", "enable_tensorflow_textbigru": "auto", "enable_tensorflow_charcnn": "auto", "tensorflow_nlp_pretrained_embeddings_file_path": "", "text_fraction_for_text_dominated_problem": 0.3, "text_transformer_fraction_for_text_dominated_problem": 0.3, "string_col_as_text_threshold": 0.3, "string_col_as_text_min_relative_cardinality": 0.1, "string_col_as_text_min_absolute_cardinality": 100, "monotonicity_constraints_interpretability_switch": 7, "max_feature_interaction_depth": -1, "tune_parameters_accuracy_switch": 3, "parameter_tuning_num_models": -1, "tune_target_transform_accuracy_switch": 3, "target_transformer": "auto", "tournament_style": "auto", "tournament_uniform_style_interpretability_switch": 6, "tournament_uniform_style_accuracy_switch": 6, "tournament_model_style_accuracy_switch": 6, "tournament_feature_style_accuracy_switch": 7, "tournament_fullstack_style_accuracy_switch": 8, "num_individuals": 2, "fixed_num_individuals": 0, "fixed_num_folds": 0, "fixed_fold_reps": 0, "fixed_only_first_fold_model": false, "sanitize_natural_sort_limit": 1000, "enable_target_encoding": true, "included_transformers": ["CVCatNumEncodeTransformer", "CVTargetEncodeTransformer", "CatOriginalTransformer", "ClusterDistTransformer", "ClusterIdTransformer", "ClusterTETransformer", "DateOriginalTransformer", "DateTimeOriginalTransformer", "DatesTransformer", "EwmaLagsTransformer", "FrequentTransformer", "InteractionsTransformer", "IsHolidayTransformer", "LagsAggregatesTransformer", "LagsInteractionTransformer", "LagsTransformer", "NumCatTETransformer", "NumToCatTETransformer", "NumToCatWoEMonotonicTransformer", "NumToCatWoETransformer", "OneHotEncodingTransformer", "OriginalTransformer", "TextBiGRUTransformer", "TextCNNTransformer", "TextCharCNNTransformer", "TextLinModelTransformer", "TextTransformer", "TruncSVDNumTransformer", "WeightOfEvidenceTransformer"], "excluded_transformers": [], "included_genes": [], "excluded_genes": [], "included_models": ["FTRL", "GLM", "LIGHTGBM", "RULEFIT", "TENSORFLOW", "XGBOOSTDART", "XGBOOSTGBM"], "excluded_models": [], "included_scorers": ["ACCURACY", "AUC", "AUCPR", "F05", "F1", "F2", "GINI", "LOGLOSS", "MACROAUC", "MAE", "MAPE", "MCC", "MER", "MSE", "R2", "RMSE", "RMSLE", "RMSPE", "SMAPE"], "excluded_scorers": [], "params_lightgbm": {}, "params_xgboost": {}, "params_dart": {}, "params_tensorflow": {}, "params_gblinear": {}, "params_rulefit": {}, "params_ftrl": {}, "params_tune_lightgbm": {}, "params_tune_xgboost": {}, "params_tune_dart": {}, "params_tune_tensorflow": {}, "params_tune_gblinear": {}, "params_tune_rulefit": {}, "params_tune_ftrl": {}, "params_tune_grow_policy_simple_trees": true, "enable_xgboost_gbm": "auto", "enable_xgboost_dart": "auto", "xgboost_threshold_data_size_large": 100000000, "xgboost_gpu_threshold_data_size_large": 30000000, "enable_glm": "auto", "enable_lightgbm": "auto", "enable_rf": "auto", "enable_tensorflow": "off", "enable_rulefit": "auto", "enable_ftrl": "auto", "max_nestimators": 3000, "max_nestimators_feature_evolution_factor": 0.2, "max_max_depth": 12, "default_max_bin": 256, "default_lightgbm_max_bin": 64, "max_max_bin": 256, "min_max_bin": 32, "scale_mem_for_max_bin": 10737418240, "factor_rf": 1.5, "max_learning_rate": 0.5, "min_learning_rate": 0.05, "min_learning_rate_final": 0.01, "max_epochs": 10, "tensorflow_use_all_cores": true, "tensorflow_use_all_cores_even_if_reproducible_true": false, "rulefit_max_num_rules": -1, "rulefit_max_tree_depth": 6, "rulefit_max_num_trees": 100, "rulefit_threshold_data_size_large": 100000000, "one_hot_encoding_cardinality_threshold": 50, "te_bin_list": [25, 10, 100, 250], "woe_bin_list": [25, 10, 100, 250], "ohe_bin_list": [10, 25, 50, 75, 100], "drop_constant_columns": true, "shift_check_text": false, "shift_key_features_varimp": 0.01, "shift_check_reduced_features": true, "shift_trees": 100, "shift_max_bin": 256, "shift_max_depth": 4, "detect_features_distribution_shift_threshold_auc": 0.55, "drop_features_distribution_shift_min_features": 1, "leakage_check_text": false, "leakage_key_features_varimp": 0.001, "leakage_check_reduced_features": true, "leakage_trees": 100, "leakage_max_bin": 256, "leakage_max_depth": 4, "detect_features_leakage_threshold_auc": 0.95, "detect_features_per_feature_leakage_threshold_auc": 0.8, "drop_features_leakage_min_features": 1, "leakage_train_test_split": 0.25, "detailed_traces": false, "abs_tol_for_perfect_score": 0.0001, "time_series_recipe": true, "min_ymd_timestamp": 19700101, "max_ymd_timestamp": 20300101, "max_rows_datetime_format_detection": 100000, "holiday_features": true, "holiday_country": "US", "max_time_series_properties_sample_size": 250000, "max_lag_sizes": -1, "min_lag_autocorrelation": 0.1, "max_signal_lag_sizes": 100, "sample_lag_sizes": false, "prob_default_lags": 0.2, "max_sampled_lag_sizes": 10, "override_lag_sizes": "", "min_lag_size": -1, "allow_tgc_memorization": false, "tgc_only_use_all_groups": true, "time_series_holdout_preds": true, "time_series_max_n_splits": 20, "prob_lag_non_targets": 0.1, "prob_lagsinteraction": 0.1, "prob_lagsaggregates": 0.1, "mli_sample_above_for_scoring": 1000000, "mli_sample_above_for_training": 100000, "mli_sample_size": 100000, "mli_num_quantiles": 10, "mli_drf_num_trees": 100, "mli_fast_approx": true, "fast_approx_num_trees": 50, "fast_approx_do_one_fold_one_model": true, "mli_drf_max_depth": 20, "mli_sample_training": true, "klime_lambda": [1e-06, 1e-08], "klime_alpha": 0.0, "mli_max_numeric_enum_cardinality": 25, "mli_max_number_cluster_vars": 6, "use_all_columns_klime_kmeans": false, "mli_strict_version_check": true, "mli_cloud_name": "", "mli_ice_per_bin_strategy": false, "dump_varimp_every_scored_indiv": false, "dump_modelparams_every_scored_indiv": true, "dump_modelparams_every_scored_indiv_feature_count": 3, "dump_modelparams_separate_files": false, "autodoc_template": "report_template.docx", "autodoc_output_type": "docx", "autodoc_report_name": "report", "autodoc_coef_table_num_models": 1, "autodoc_coef_table_num_folds": -1, "autodoc_coef_table_num_coef": 50, "autodoc_coef_table_num_classes": 9, "autodoc_coef_table_appendix_results_table": false, "autodoc_min_relative_importance": 0.003, "autodoc_num_features": 50, "autodoc_pd_max_runtime": 20, "autodoc_out_of_range": 3, "autodoc_data_summary_col_num": -1, "compute_correlation": false, "produce_correlation_heatmap": false, "high_correlation_value_to_report": 0.95, "write_trans_timings": true, "delete_preview_trans_timings": true, "preview_cache_upon_server_exit": true, "core_site_xml_path": "", "hdfs_config_path": "", "key_tab_path": "", "file_hide_data_directory": true, "file_path_filtering_enabled": false, "file_path_filter_include": [], "hdfs_auth_type": "noauth", "hdfs_app_principal_user": "", "hdfs_app_login_user": "", "hdfs_app_jvm_args": "", "hdfs_app_classpath": "", "dtap_auth_type": "noauth", "dtap_config_path": "", "dtap_key_tab_path": "", "dtap_app_principal_user": "", "dtap_app_login_user": "", "dtap_app_jvm_args": "", "dtap_app_classpath": "", "aws_role_arn": "", "aws_default_region": "", "aws_s3_endpoint_url": "", "aws_use_ec2_role_credentials": false, "s3_init_path": "s3://h2o-public-test-data/smalldata/", "kdb_hostname": "", "kdb_port": "", "kdb_app_classpath": "", "kdb_app_jvm_args": "", "azure_connection_string": "", "listeners_experiment_start": "", "listeners_experiment_done": "", "h2o_storage_address": "", "h2o_storage_tls_enabled": true, "h2o_storage_tls_ca_path": "", "h2o_storage_tls_cert_path": "", "h2o_storage_tls_key_path": "", "deployment_aws_bucket_name": "", "allow_form_autocomplete": true, "enable_projects": true, "enable_custom_recipes": true, "enable_custom_recipes_upload": true, "show_developer_settings": false, "enable_benchmark_each_experiment": false, "datatable_verbose_log": false, "gpu_locking_type": "global", "gpu_lock_data_size": 150000000, "gpu_lock_safety_factor": 3, "gpu_lock_delay": 10.0, "gpu_lock_min_delay": 0.0, "tensorflow_allow_cpu_only": false, "debug": false, "debug_log": false, "debug_print": false, "debug_print_server": false, "ping_period_debug": 20, "hard_asserts": false, "check_1_vs_N": false, "check_pred_contribs_sum": false, "enable_funnel": false, "quiet_funnel": true, "dummy": 0, "debug_ga": false, "debug_indiv": false, "uniquify_indiv": true, "debug_daimodel_level": 0, "brain_food_full": false, "memory_ref": 137438953472, "rows_ref": 2000000, "memory_score_factor_ref": 0.2, "use_dummy_pool": false, "use_dummy_pool_onetask": false, "use_dummy_pool_detect_types": false, "use_dummy_pool_capture_schema": false, "use_dummy_pool_fs": false, "use_dummy_pool_dl2": false, "use_dummy_pool_munging": false, "use_dummy_pool_training": false, "use_dummy_pool_xgb_fit": false, "use_dummy_pool_lgbm_fit": false, "use_dummy_pool_predict": false, "use_dummy_pool_score": false, "use_dummy_pool_final_munging": false, "use_dummy_pool_final_training": false, "use_dummy_pool_final_predict": false, "use_dummy_pool_mojo": false, "use_global_isolation_pool": false, "stalled_time_nrows_ref": 1000000, "stalled_time_nrowscols_ref": 10000000, "stalled_time_ref": 240.0, "stalled_time_min": 120.0, "stalled_time_kill_ref": 440.0, "stalled_pool_cpu_percent_threshold_kill": 5.0, "stalled_pool_gpu_percent_threshold_kill": 5.0, "cpu_percent_check_period_stalled": 0.3, "cpu_percent_per_experiment_check_period_logging": 0.1, "cpu_gpu_stall_max_count": 10, "cpu_stall_max_factor_interval": 20, "autodl_stall_sigusr1": true, "onetask_trials": 2, "pool_mark": "_", "acquire_mark": "+", "task_sync_mark": "*", "ping_mark": "_ping_", "pool_wait_mark": "|", "pool_submit_mark": "=", "pool_busy_mark": "#", "task_sync_key_length": 6, "xgb_in_subprocess": true, "enable_preview_time_estimate": true, "enable_preview_time_estimate_rough": true, "xgb_memory_pickled_estimate": false, "debug_h2o4gpu_level": 0, "enable_h2o4gpu_kmeans": false, "enable_h2o4gpu_truncatedsvd": false, "use_gpu_for_prediction": false, "min_bootstrap_samples": 4, "max_bootstrap_samples": 100, "min_bootstrap_sample_size_factor": 1.0, "max_bootstrap_sample_size_factor": 10.0, "server_proctitle": "h2oai-DriverlessAI", "server_fork_proctitle": "h2oai-DAI-fork", "server_db_checkpoint_period": 10, "server_wal_mode": true, "server_wal_db_checkpoint_period": 360, "enable_gpu_usage_in_gui": true, "ping_check_period_memory": 5, "ping_check_period_usage": 5, "ping_check_period_files": 60, "ping_check_server_health": true, "ping_check_period_server_health": 1.0, "ping_check_period_server_exists": 10.0, "ping_check_period_server_health_hard_assert_limit": 60.0, "ping_check_server_health_debug_duration_always_print": false, "ping_check_period_server_health_info_logger": true, "server_health_sigusr1": false, "server_runtime_metrics": false, "ping_check_period": 5, "gpu_small_data_size": 100000, "max_rows_tuning": 1000, "benford_mad_threshold_int": 0.03, "benford_mad_threshold_real": 0.1, "stop_early_rel_std": 0.1, "varimp_threshold_at_interpretability_10": 0.05, "fs_interpretabilty_switch": 6, "fs_prune_by_genes": false, "varimp_fspermute_factor": 1.0, "max_rows_fs": 1000000, "ngenes_min": -1, "ngenes_max": -1, "nfeatures_min": -1, "features_per_gene": 1, "nfeatures_max_factor": 1.0, "use_unit_pool_protection": true, "always_use_unit_pool_protection": false, "trigger_subprocess_catch_rows_times_columns": 10000000, "strict_gpu_non_overlap": false, "round_up_indivs_for_busy_gpus": true, "terminate_train_backend_tuning": true, "terminate_train_tuning": true, "terminate_train_feature_evolution": true, "reduce_by_genes": false, "keep_fraction_default": 1.0, "reduce_randomly": false, "reduce_by_fraction": 0.1, "reduce_count_max": 10, "preserve_oom_reduced_features": true, "preserve_varimp_reduced_features": false, "preserve_reduced_features_for_final_model": true, "mutation_rate": -1, "extra_mutation_level": -1, "tuning_share_varimp_accuracy_switch": 5, "tuning_share_varimp": "best", "fresh_indiv_accuracy_switch": 7, "enable_tensorflow_import": true, "detailed_tensorflow_import_error": false, "enable_lightgbm_import": true, "check_clinfo_timeout": 30, "check_java_timeout": 30, "prob_add_genes": 0.5, "prob_prune_genes": 0.5, "prob_perturb_xgb": 0.25, "perturb_xgb_depth_random": false, "perturb_xgb_depth_min": 3, "perturb_xgb_depth_max": 10, "prob_addbest_genes": 0.5, "explore_more_unused_genes": true, "explore_gene_anneal": true, "explore_prob0": 0.5, "explore_anneal_factor": 0.9, "explore_prob_lowest": 0.1, "explore_grow_anneal": true, "grow_prob0": 0.8, "grow_anneal_factor": 0.5, "grow_prob_lowest": 0.05, "grow_proboff": 0.5, "prob_tune_model_vs_features": 0.5, "xgboost_interpretability_switch": 10, "xgboost_accuracy_switch": 1, "booster_for_fs_permute": "lightgbm", "default_booster": "lightgbm", "threshold_data_size_large_to_use_cpu_for_fs": 100000000, "lightgbm_interpretability_switch": 10, "lightgbm_accuracy_switch": 1, "tensorflow_interpretability_switch": 6, "tensorflow_accuracy_switch": 5, "tensorflow_num_classes_switch": 5, "textlin_num_classes_switch": 5, "text_gene_dim_reduction_choices": [50], "text_gene_max_ngram": [1, 2, 3], "glm_do_lambda_search": true, "glm_do_lambda_search_by_eval_metric": false, "glm_lambda_early_stopping_rounds": 4, "glm_optimal_refit": true, "glm_interpretability_switch": 6, "glm_accuracy_switch": 5, "fixup_nanpreds": true, "fixup_infX": true, "rulefit_interpretability_switch": 1, "rulefit_accuracy_switch": 8, "enable_cache_final_pipeline": false, "top_pid": 3231, "golden_fatal": false, "notification_url": "https://s3.amazonaws.com/ai.h2o.notifications/dai_notifications_prod.json", "ping_run_type": "fork", "lock_logs": true, "lock_logs_server": false, "debug_feature_cache_files": false, "debug_final_feature_cache_files": false, "generate_fresh_logger_every_log": true, "final_munging_memory_reduction_factor": 2, "munging_memory_overhead_factor": 5, "munging_memory_available": 0, "munging_max_workers_verbose": false, "prob_segfault_ga_pipeline": 0.0, "prob_segfault_ga_model": 0.0, "prob_segfault_final_pipeline": 0.0, "prob_segfault_final_model": 0.0, "prob_segfault_lightgbm": 0.0, "prob_segfault_xgboost": 0.0, "prob_segfault_gblinear": 0.0, "prob_segfault_tensorflow": 0.0, "prob_segfault_rulefit": 0.0, "prob_stall_ga_pipeline": 0.0, "prob_stall_fitmodel": 0.0, "prob_stall_final_pipeline": 0.0, "prob_stall_kill_ga_pipeline": 0.0, "prob_stall_kill_fitmodel": 0.0, "prob_stall_kill_final_pipeline": 0.0, "prob_finish_early": 0.0, "prob_abort_early": 0.0, "stall_subprocess_submission_cpu_threshold_pct": 100, "stall_subprocess_submission_dai_fork_threshold_pct": -1.0, "stall_subprocess_submission_experiment_fork_threshold_pct": -1.0, "stall_by_memory": true, "stall_by_cores": true, "restrict_initpool_by_memory": true, "restrict_initpool_by_cores": false, "base_fork_count": 2, "experiment_nice_level": 100, "random_control": false, "dill_for_model": false, "gzip_for_model": true, "bzip_for_model": false, "compression_level_for_model": 5, "check_nvidia_smi_during_experiment": false, "small_pool_sleeptouse": 0.005, "large_pool_sleeptouse": 0.01, "onetask_sleeptouse": 0.01, "onetask_fast_sleeptouse": 0.0001, "pool_default_sleeptouse": 0.001, "trace_detect_types": false, "trace_fit_transform": false, "trace_final_fit_transform": false, "trace_final_transform": false, "terminate_experiment_if_server_lost": false, "show_all_filesystems": false, "use_uuids": true, "resumed_experiment_id": "", "reproducible": true, "server_recipe_url": "", "enable_custom_transformers": true, "enable_custom_models": true, "enable_custom_scorers": true, "recipe_load_raise_on_first_error": false, "recipe_load_raise_on_first_error_but_keep_accepted_recipes": false, "recipe_load_raise_on_any_error": true, "version_old_custom": false, "version_old_custom_by_filename": false, "write_recipes_to_experiment_folder": true, "write_recipes_to_experiment_logger": false, "contrib_relative_directory": "contrib", "contrib_env_relative_directory": "contrib/env", "fast_import": false, "mli_batch_size": 10000, "mli_dt_nthreads": 4, "enable_acceptance_tests": true, "acceptance_tests_max_number_of_parameter_combinations": 20, "contrib_reload_and_recheck_server_start": true, "recipe_test_import_after_load_package": false, "debug_custom": false, "skip_transformer_failures": true, "skip_model_failures": true, "detailed_skip_failure_messages_level": 1, "protect_base_env": true, "check_cuda_context_testing": false, "enable_dataset_downloading": true, "extra_http_headers": {}, "enable_benchmark": false}, "config_num_gpus_per_experiment_backup": -1, "config_num_gpus_per_model_backup": 1, "config_overrides": "config_overrides = \"\"\nmax_runtime_minutes = 0\nrecipe = \"auto\"\nfeature_engineering_effort = 5\ncheck_distribution_shift = \"auto\"\ncheck_distribution_shift_drop = \"auto\"\ndrop_features_distribution_shift_threshold_auc = 0.6\ncheck_leakage = \"auto\"\ndrop_features_leakage_threshold_auc = 0.999\nmake_python_scoring_pipeline = true\nmake_mojo_scoring_pipeline = false\nmax_cores = -1\nnum_gpus_per_experiment = 0\nnum_gpus_per_model = 0\ngpu_id_start = 0\nmin_num_rows = 100\nreproducibility_level = 1\nseed = 1234\nfeature_evolution_data_size = 100000000\nmax_orig_cols_selected = 10000\nmax_relative_cardinality = 0.95\nallow_different_classes_across_fold_splits = true\nfixed_ensemble_level = -1\nenable_imbalanced_sampling = \"auto\"\nquantile_imbalanced_sampling = false\nmax_num_classes = 200\nfeature_brain_level = 0\nfeature_brain_save_every_iteration = 0\nwhich_iteration_brain = -1\nmin_dai_iterations = 0\nnfeatures_max = -1\ntensorflow_max_epochs_nlp = 2\nenable_tensorflow_nlp_accuracy_switch = 5\nenable_tensorflow_textcnn = \"auto\"\nenable_tensorflow_textbigru = \"auto\"\nenable_tensorflow_charcnn = \"auto\"\ntensorflow_nlp_pretrained_embeddings_file_path = \"\"\ntext_fraction_for_text_dominated_problem = 0.3\ntext_transformer_fraction_for_text_dominated_problem = 0.3\nstring_col_as_text_threshold = 0.3\nmax_feature_interaction_depth = -1\nparameter_tuning_num_models = -1\ntarget_transformer = \"auto\"\nfixed_num_folds = 0\nenable_target_encoding = true\nincluded_transformers = [ \"CVCatNumEncodeTransformer\", \"CVTargetEncodeTransformer\", \"CatOriginalTransformer\", \"ClusterDistTransformer\", \"ClusterIdTransformer\", \"ClusterTETransformer\", \"DateOriginalTransformer\", \"DateTimeOriginalTransformer\", \"DatesTransformer\", \"EwmaLagsTransformer\", \"FrequentTransformer\", \"InteractionsTransformer\", \"IsHolidayTransformer\", \"LagsAggregatesTransformer\", \"LagsInteractionTransformer\", \"LagsTransformer\", \"NumCatTETransformer\", \"NumToCatTETransformer\", \"NumToCatWoEMonotonicTransformer\", \"NumToCatWoETransformer\", \"OneHotEncodingTransformer\", \"OriginalTransformer\", \"TextBiGRUTransformer\", \"TextCNNTransformer\", \"TextCharCNNTransformer\", \"TextLinModelTransformer\", \"TextTransformer\", \"TruncSVDNumTransformer\", \"WeightOfEvidenceTransformer\",]\nincluded_models = [ \"FTRL\", \"GLM\", \"LIGHTGBM\", \"RULEFIT\", \"TENSORFLOW\", \"XGBOOSTDART\", \"XGBOOSTGBM\",]\nincluded_scorers = [ \"ACCURACY\", \"AUC\", \"AUCPR\", \"F05\", \"F1\", \"F2\", \"GINI\", \"LOGLOSS\", \"MACROAUC\", \"MAE\", \"MAPE\", \"MCC\", \"MER\", \"MSE\", \"R2\", \"RMSE\", \"RMSLE\", \"RMSPE\", \"SMAPE\",]\nenable_xgboost_gbm = \"auto\"\nenable_xgboost_dart = \"auto\"\nenable_glm = \"auto\"\nenable_lightgbm = \"auto\"\nenable_rf = \"auto\"\nenable_tensorflow = \"off\"\nenable_rulefit = \"auto\"\nenable_ftrl = \"auto\"\nmax_nestimators = 3000\nmax_nestimators_feature_evolution_factor = 0.2\nmax_learning_rate = 0.5\nmax_epochs = 10\nrulefit_max_num_rules = -1\ndrop_constant_columns = true\ndetailed_traces = false\ntime_series_recipe = true\nholiday_features = true\noverride_lag_sizes = \"\"\nmin_lag_size = -1\nallow_tgc_memorization = false\ntgc_only_use_all_groups = true\ntime_series_holdout_preds = true\ntime_series_max_n_splits = 20\nprob_lag_non_targets = 0.1\ndump_varimp_every_scored_indiv = false\ndump_modelparams_every_scored_indiv = true\nskip_transformer_failures = true\nskip_model_failures = true\ndetailed_skip_failure_messages_level = 1\nreproducible = true\nresumed_experiment_id = \"\"\n", "context": "AutoDLRuntimeContext", "cvd_backup": null, "datetime_start": "datetime", "detect_time_series": false, "disable_gpus": true, "do_not_log_list": ["local_htpasswd_file", "aws_access_key_id", "aws_secret_access_key", "snowflake_password", "snowflake_url", "snowflake_user", "snowflake_account", "minio_endpoint_url", "minio_access_key_id", "minio_secret_access_key", "kdb_user", "kdb_password", "ldap_bind_password", "gcs_path_to_service_account_json", "azure_blob_account_name", "azure_blob_account_key", "deployment_aws_access_key_id", "deployment_aws_secret_access_key", "master_minio_access_key_id", "master_minio_secret_access_key", "master_redis_password", "auth_openid_client_id", "auth_openid_client_secret", "auth_openid_userinfo_auth_key", "auth_openid_userinfo_auth_value", "auth_openid_userinfo_username_key"], "doing_refit": false, "doing_restart": false, "dummy": false, "early_stopping_rounds": 0, "ensemble_level": 0, "exceptional": false, "experiment_description": "guwaciku", "experiment_id": "4e86cfd8-ba96-11e9-b4c6-0242ac110002", "experiment_id_extension": null, "f": "TextIOWrapper", "final_model_and_pipeline_can_mojo": true, "fold_column": null, "fold_reps": 2, "folds_indx": null, "fudge_factor": 3.98178176e-316, "got_brain_population": true, "interpretability": 4, "iterate_iter": false, "iterations": 1, "iterations_feature_evolution_planned": 1, "k": "enable_benchmark", "kwargs": {}, "logger": "AuditLogger", "make_mojo_pipeline": false, "make_mojo_pipeline_old": false, "make_scoring_pipeline": true, "max_fold_valid_rows": 81142192, "max_rows": 100, "max_rows_feature_evolution": null, "max_runtime_seconds": 0, "maximize": false, "min_rows": null, "monotonicity_constraints": false, "num_as_cat_allowed": false, "num_classes_tuning": 8, "num_ensemble_folds": 4, "num_folds": 3, "num_gap_periods": null, "num_individuals": 2, "num_prediction_periods": null, "num_validation_splits_tuning": 140732185364368, "only_do_autotune": false, "only_first_fold_model": true, "out_of_disk": false, "parameter_tuning_num_models": 4, "random_seed": false, "resumed_experiment_id": "", "run_benchmarks": false, "run_indicator_file": "/opt/h2oai/dai/tmp/h2oai_experiment_4e86cfd8-ba96-11e9-b4c6-0242ac110002/STARTED", "score_f": null, "score_f_name": "LOGLOSS", "seed": 1234, "server_on": true, "soft_fail_at_end": false, "soft_fail_msg": "", "start_time_millis": 1565349033749, "strata": 140732185357344, "strategy": null, "t_start": 1565349033.9517193, "target": "species", "target_transform": null, "task": "Task", "test_data": null, "test_data_name": null, "testing": false, "testing_attack": false, "time_column": null, "time_groups_columns": null, "time_period_in_seconds": null, "time_tolerance": 1, "tmp_dir": "./tmp/h2oai_experiment_4e86cfd8-ba96-11e9-b4c6-0242ac110002", "tmp_dir_base": "/opt/h2oai/dai/./tmp", "total_num_features_created": 140732185366032, "train_data": "./tmp/35ed1374-ba96-11e9-b4c6-0242ac110002/iris_train.csv.1565348992.5783815.bin", "train_data_name": "iris_train.csv", "username": "h2oai", "v": false, "valid_data": null, "valid_data_name": null, "var_check_distribution_shift": true, "var_check_distribution_shift_drop": true, "weight_column": null}