{
    "Coefficient": {
        "0_petal_len": 867.0459899902,
        "1_petal_wid": 607.3659973145,
        "7_InteractionSub:petal_len:sepal_wid": 98.8459968567,
        "6_InteractionDiv:petal_len:petal_wid": 62.9249019623,
        "4_ClusterDist6:petal_wid:sepal_len:sepal_wid.4": 60.5315884352,
        "4_ClusterDist6:petal_wid:sepal_len:sepal_wid.3": 60.5078785419,
        "4_ClusterDist6:petal_wid:sepal_len:sepal_wid.2": 49.083398819,
        "8_TruncSVD:petal_len:sepal_wid.0": 40.6499996185,
        "4_ClusterDist6:petal_wid:sepal_len:sepal_wid.0": 33.7633705139,
        "10_ClusterTE:ClusterID89:petal_len:petal_wid:sepal_len:sepal_wid.1": 24.1107103825,
        "4_ClusterDist6:petal_wid:sepal_len:sepal_wid.5": 21.5635495186,
        "4_ClusterDist6:petal_wid:sepal_len:sepal_wid.1": 17.7556605339,
        "5_InteractionSub:petal_len:petal_wid": 13.6201696396,
        "2_sepal_len": 10.258600235,
        "9_TruncSVD:petal_wid:sepal_wid.0": 9.873169899,
        "10_ClusterTE:ClusterID89:petal_len:petal_wid:sepal_len:sepal_wid.2": 9.3572502136,
        "10_ClusterTE:ClusterID89:petal_len:petal_wid:sepal_len:sepal_wid.0": 1.7862899601,
        "3_sepal_wid": 1.3932260275
    },
    "Standard Deviation of Coefficient": {
        "0_petal_len": 15.7119135411,
        "1_petal_wid": 62.3356879663,
        "7_InteractionSub:petal_len:sepal_wid": 6.9566576628,
        "6_InteractionDiv:petal_len:petal_wid": 16.2944989757,
        "4_ClusterDist6:petal_wid:sepal_len:sepal_wid.4": 40.6952740432,
        "4_ClusterDist6:petal_wid:sepal_len:sepal_wid.3": 39.6902703865,
        "4_ClusterDist6:petal_wid:sepal_len:sepal_wid.2": 2.680500453,
        "8_TruncSVD:petal_len:sepal_wid.0": 4.5666373358,
        "4_ClusterDist6:petal_wid:sepal_len:sepal_wid.0": 12.6754765461,
        "10_ClusterTE:ClusterID89:petal_len:petal_wid:sepal_len:sepal_wid.1": 12.9658566998,
        "4_ClusterDist6:petal_wid:sepal_len:sepal_wid.5": 6.0952957763,
        "4_ClusterDist6:petal_wid:sepal_len:sepal_wid.1": 2.90022681,
        "5_InteractionSub:petal_len:petal_wid": 0.5802872512,
        "2_sepal_len": 0.1609658951,
        "9_TruncSVD:petal_wid:sepal_wid.0": 3.2721437511,
        "10_ClusterTE:ClusterID89:petal_len:petal_wid:sepal_len:sepal_wid.2": 6.6165750793,
        "10_ClusterTE:ClusterID89:petal_len:petal_wid:sepal_len:sepal_wid.0": 0.7429641187,
        "3_sepal_wid": 0.0254996863
    },
    "Description": {
        "0_petal_len": "petal_len (original)",
        "1_petal_wid": "petal_wid (original)",
        "7_InteractionSub:petal_len:sepal_wid": "[petal_len] - [sepal_wid]",
        "6_InteractionDiv:petal_len:petal_wid": "[petal_len] / [petal_wid]",
        "4_ClusterDist6:petal_wid:sepal_len:sepal_wid.4": "Distances to cluster center after segmenting columns ['petal_wid', 'sepal_len', 'sepal_wid'] into 6 clusters. Distance to cluster #4",
        "4_ClusterDist6:petal_wid:sepal_len:sepal_wid.3": "Distances to cluster center after segmenting columns ['petal_wid', 'sepal_len', 'sepal_wid'] into 6 clusters. Distance to cluster #3",
        "4_ClusterDist6:petal_wid:sepal_len:sepal_wid.2": "Distances to cluster center after segmenting columns ['petal_wid', 'sepal_len', 'sepal_wid'] into 6 clusters. Distance to cluster #2",
        "8_TruncSVD:petal_len:sepal_wid.0": "Component #1 of truncated SVD of ['petal_len', 'sepal_wid'] into 1 components",
        "4_ClusterDist6:petal_wid:sepal_len:sepal_wid.0": "Distances to cluster center after segmenting columns ['petal_wid', 'sepal_len', 'sepal_wid'] into 6 clusters. Distance to cluster #0",
        "10_ClusterTE:ClusterID89:petal_len:petal_wid:sepal_len:sepal_wid.1": "Out-of-fold mean of the response (class 1) grouped by: ['ClusterID89:petal_len:petal_wid:sepal_len:sepal_wid'] using 5 folds (Clustered into 89 clusters)",
        "4_ClusterDist6:petal_wid:sepal_len:sepal_wid.5": "Distances to cluster center after segmenting columns ['petal_wid', 'sepal_len', 'sepal_wid'] into 6 clusters. Distance to cluster #5",
        "4_ClusterDist6:petal_wid:sepal_len:sepal_wid.1": "Distances to cluster center after segmenting columns ['petal_wid', 'sepal_len', 'sepal_wid'] into 6 clusters. Distance to cluster #1",
        "5_InteractionSub:petal_len:petal_wid": "[petal_len] - [petal_wid]",
        "2_sepal_len": "sepal_len (original)",
        "9_TruncSVD:petal_wid:sepal_wid.0": "Component #1 of truncated SVD of ['petal_wid', 'sepal_wid'] into 1 components",
        "10_ClusterTE:ClusterID89:petal_len:petal_wid:sepal_len:sepal_wid.2": "Out-of-fold mean of the response (class 2) grouped by: ['ClusterID89:petal_len:petal_wid:sepal_len:sepal_wid'] using 5 folds (Clustered into 89 clusters)",
        "10_ClusterTE:ClusterID89:petal_len:petal_wid:sepal_len:sepal_wid.0": "Out-of-fold mean of the response (class 0) grouped by: ['ClusterID89:petal_len:petal_wid:sepal_len:sepal_wid'] using 5 folds (Clustered into 89 clusters)",
        "3_sepal_wid": "sepal_wid (original)"
    }
}