{
    "index": {
        "0": 0
    },
    "Type": {
        "0": "XGBoostGBMModel"
    },
    "Split Type": {
        "0": "None"
    },
    "Model Weight": {
        "0": 1
    },
    "booster": {
        "0": "gbtree"
    },
    "max_depth": {
        "0": ""
    },
    "max_leaves": {
        "0": ""
    },
    "subsample": {
        "0": ""
    },
    "colsample_bytree": {
        "0": ""
    },
    "tree_method": {
        "0": ""
    },
    "grow_policy": {
        "0": ""
    },
    "random_state": {
        "0": ""
    },
    "learning rate": {
        "0": ""
    },
    "Target Transformer": {
        "0": ""
    },
    "Fitted features": {
        "0": 18
    },
    "Fit iterations ": {
        "0": [
            236
        ]
    },
    "Fit tree/step count ": {
        "0": [
            236
        ]
    }
}