{
    "Relative Importance": {
        "0_petal_len": 1.0,
        "1_petal_wid": 0.7005003245,
        "7_InteractionSub:petal_len:sepal_wid": 0.1140031763,
        "6_InteractionDiv:petal_len:petal_wid": 0.0725738919,
        "4_ClusterDist6:petal_wid:sepal_len:sepal_wid.4": 0.0698135844,
        "4_ClusterDist6:petal_wid:sepal_len:sepal_wid.3": 0.0697862388,
        "4_ClusterDist6:petal_wid:sepal_len:sepal_wid.2": 0.0566099139,
        "8_TruncSVD:petal_len:sepal_wid.0": 0.0468833258,
        "4_ClusterDist6:petal_wid:sepal_len:sepal_wid.0": 0.0389406916,
        "10_ClusterTE:ClusterID89:petal_len:petal_wid:sepal_len:sepal_wid.1": 0.0278078795,
        "4_ClusterDist6:petal_wid:sepal_len:sepal_wid.5": 0.0248701335,
        "4_ClusterDist6:petal_wid:sepal_len:sepal_wid.1": 0.0204783376,
        "5_InteractionSub:petal_len:petal_wid": 0.015708705,
        "2_sepal_len": 0.0118316679,
        "9_TruncSVD:petal_wid:sepal_wid.0": 0.0113871352,
        "10_ClusterTE:ClusterID89:petal_len:petal_wid:sepal_len:sepal_wid.2": 0.0107921037,
        "10_ClusterTE:ClusterID89:petal_len:petal_wid:sepal_len:sepal_wid.0": 0.0020602021,
        "3_sepal_wid": 0.0016068652
    },
    "Standard Deviation of Relative Importance": {
        "0_petal_len": 0.0,
        "1_petal_wid": 0.1692876614,
        "7_InteractionSub:petal_len:sepal_wid": 0.0201918123,
        "6_InteractionDiv:petal_len:petal_wid": 0.0349789599,
        "4_ClusterDist6:petal_wid:sepal_len:sepal_wid.4": 0.0914008968,
        "4_ClusterDist6:petal_wid:sepal_len:sepal_wid.3": 0.0941439109,
        "4_ClusterDist6:petal_wid:sepal_len:sepal_wid.2": 0.0082401538,
        "8_TruncSVD:petal_len:sepal_wid.0": 0.0088404244,
        "4_ClusterDist6:petal_wid:sepal_len:sepal_wid.0": 0.0278452869,
        "10_ClusterTE:ClusterID89:petal_len:petal_wid:sepal_len:sepal_wid.1": 0.0289192874,
        "4_ClusterDist6:petal_wid:sepal_len:sepal_wid.5": 0.0131672066,
        "4_ClusterDist6:petal_wid:sepal_len:sepal_wid.1": 0.0059516277,
        "5_InteractionSub:petal_len:petal_wid": 0.0007697224,
        "2_sepal_len": 5.75484e-05,
        "9_TruncSVD:petal_wid:sepal_wid.0": 0.007965726,
        "10_ClusterTE:ClusterID89:petal_len:petal_wid:sepal_len:sepal_wid.2": 0.0148809814,
        "10_ClusterTE:ClusterID89:petal_len:petal_wid:sepal_len:sepal_wid.0": 0.0017896245,
        "3_sepal_wid": 5.834e-07
    },
    "Description": {
        "0_petal_len": "petal_len (original)",
        "1_petal_wid": "petal_wid (original)",
        "7_InteractionSub:petal_len:sepal_wid": "[petal_len] - [sepal_wid]",
        "6_InteractionDiv:petal_len:petal_wid": "[petal_len] / [petal_wid]",
        "4_ClusterDist6:petal_wid:sepal_len:sepal_wid.4": "Distances to cluster center after segmenting columns ['petal_wid', 'sepal_len', 'sepal_wid'] into 6 clusters. Distance to cluster #4",
        "4_ClusterDist6:petal_wid:sepal_len:sepal_wid.3": "Distances to cluster center after segmenting columns ['petal_wid', 'sepal_len', 'sepal_wid'] into 6 clusters. Distance to cluster #3",
        "4_ClusterDist6:petal_wid:sepal_len:sepal_wid.2": "Distances to cluster center after segmenting columns ['petal_wid', 'sepal_len', 'sepal_wid'] into 6 clusters. Distance to cluster #2",
        "8_TruncSVD:petal_len:sepal_wid.0": "Component #1 of truncated SVD of ['petal_len', 'sepal_wid'] into 1 components",
        "4_ClusterDist6:petal_wid:sepal_len:sepal_wid.0": "Distances to cluster center after segmenting columns ['petal_wid', 'sepal_len', 'sepal_wid'] into 6 clusters. Distance to cluster #0",
        "10_ClusterTE:ClusterID89:petal_len:petal_wid:sepal_len:sepal_wid.1": "Out-of-fold mean of the response (class 1) grouped by: ['ClusterID89:petal_len:petal_wid:sepal_len:sepal_wid'] using 5 folds (Clustered into 89 clusters)",
        "4_ClusterDist6:petal_wid:sepal_len:sepal_wid.5": "Distances to cluster center after segmenting columns ['petal_wid', 'sepal_len', 'sepal_wid'] into 6 clusters. Distance to cluster #5",
        "4_ClusterDist6:petal_wid:sepal_len:sepal_wid.1": "Distances to cluster center after segmenting columns ['petal_wid', 'sepal_len', 'sepal_wid'] into 6 clusters. Distance to cluster #1",
        "5_InteractionSub:petal_len:petal_wid": "[petal_len] - [petal_wid]",
        "2_sepal_len": "sepal_len (original)",
        "9_TruncSVD:petal_wid:sepal_wid.0": "Component #1 of truncated SVD of ['petal_wid', 'sepal_wid'] into 1 components",
        "10_ClusterTE:ClusterID89:petal_len:petal_wid:sepal_len:sepal_wid.2": "Out-of-fold mean of the response (class 2) grouped by: ['ClusterID89:petal_len:petal_wid:sepal_len:sepal_wid'] using 5 folds (Clustered into 89 clusters)",
        "10_ClusterTE:ClusterID89:petal_len:petal_wid:sepal_len:sepal_wid.0": "Out-of-fold mean of the response (class 0) grouped by: ['ClusterID89:petal_len:petal_wid:sepal_len:sepal_wid'] using 5 folds (Clustered into 89 clusters)",
        "3_sepal_wid": "sepal_wid (original)"
    }
}