{
    "index": {
        "0": 0
    },
    "labels": {
        "0": "['Iris-setosa', 'Iris-versicolor', 'Iris-virginica']"
    },
    "booster": {
        "0": "gbtree"
    },
    "n_gpus": {
        "0": 0
    },
    "n_jobs": {
        "0": 4
    },
    "n_estimators": {
        "0": 236
    },
    "num_classes": {
        "0": 3
    },
    "num_class": {
        "0": 3
    },
    "score_f_name": {
        "0": "LOGLOSS"
    },
    "random_state": {
        "0": 1234
    },
    "learning_rate": {
        "0": 0.05
    },
    "reg_alpha": {
        "0": 0.0
    },
    "reg_lambda": {
        "0": 1.0
    },
    "gamma": {
        "0": 0
    },
    "max_bin": {
        "0": 256
    },
    "scale_pos_weight": {
        "0": 1
    },
    "max_delta_step": {
        "0": 0
    },
    "min_child_weight": {
        "0": 1
    },
    "subsample": {
        "0": 0.7
    },
    "colsample_bytree": {
        "0": 0.8
    },
    "tree_method": {
        "0": "hist"
    },
    "grow_policy": {
        "0": "depthwise"
    },
    "max_depth": {
        "0": 6
    },
    "max_leaves": {
        "0": 0
    },
    "objective": {
        "0": "multi:softprob"
    },
    "eval_metric": {
        "0": "mlogloss"
    },
    "early_stopping_threshold": {
        "0": 0.001
    },
    "monotonicity_constraints": {
        "0": false
    },
    "silent": {
        "0": true
    },
    "debug_verbose": {
        "0": 0
    },
    "model_origin": {
        "0": "SEQUENCE"
    },
    "gpu_id": {
        "0": 0
    }
}