{
    "Coefficient": {
        "0_petal_len": 603.6619873047,
        "1_petal_wid": 398.8680114746,
        "7_InteractionSub:petal_len:sepal_wid": 206.8959960938,
        "4_ClusterDist6:petal_wid:sepal_len:sepal_wid.5": 111.9010009766,
        "4_ClusterDist6:petal_wid:sepal_len:sepal_wid.0": 70.7074966431,
        "5_InteractionSub:petal_len:petal_wid": 33.0716018677,
        "6_InteractionDiv:petal_len:petal_wid": 24.9733009338,
        "8_TruncSVD:petal_len:sepal_wid.0": 11.4331998825,
        "4_ClusterDist6:petal_wid:sepal_len:sepal_wid.4": 11.4259996414,
        "4_ClusterDist6:petal_wid:sepal_len:sepal_wid.2": 7.6999602318,
        "4_ClusterDist6:petal_wid:sepal_len:sepal_wid.3": 5.7407298088,
        "4_ClusterDist6:petal_wid:sepal_len:sepal_wid.1": 4.4617900848,
        "2_sepal_len": 4.4289498329,
        "9_TruncSVD:petal_wid:sepal_wid.0": 4.2892999649,
        "10_ClusterTE:ClusterID89:petal_len:petal_wid:sepal_len:sepal_wid.0": 3.7073500156,
        "10_ClusterTE:ClusterID89:petal_len:petal_wid:sepal_len:sepal_wid.2": 2.0596499443,
        "3_sepal_wid": 1.8368599415,
        "10_ClusterTE:ClusterID89:petal_len:petal_wid:sepal_len:sepal_wid.1": 1.213430047
    },
    "Shift of Coefficient": {
        "0_petal_len": -263.3840026855,
        "1_petal_wid": -208.4979858398,
        "7_InteractionSub:petal_len:sepal_wid": 108.0499992371,
        "4_ClusterDist6:petal_wid:sepal_len:sepal_wid.5": 90.337451458,
        "4_ClusterDist6:petal_wid:sepal_len:sepal_wid.0": 36.9441261292,
        "5_InteractionSub:petal_len:petal_wid": 19.4514322281,
        "6_InteractionDiv:petal_len:petal_wid": -37.9516010284,
        "8_TruncSVD:petal_len:sepal_wid.0": -29.216799736,
        "4_ClusterDist6:petal_wid:sepal_len:sepal_wid.4": -49.1055887938,
        "4_ClusterDist6:petal_wid:sepal_len:sepal_wid.2": -41.3834385872,
        "4_ClusterDist6:petal_wid:sepal_len:sepal_wid.3": -54.7671487331,
        "4_ClusterDist6:petal_wid:sepal_len:sepal_wid.1": -13.2938704491,
        "2_sepal_len": -5.8296504021,
        "9_TruncSVD:petal_wid:sepal_wid.0": -5.5838699341,
        "10_ClusterTE:ClusterID89:petal_len:petal_wid:sepal_len:sepal_wid.0": 1.9210600555,
        "10_ClusterTE:ClusterID89:petal_len:petal_wid:sepal_len:sepal_wid.2": -7.2976002693,
        "3_sepal_wid": 0.443633914,
        "10_ClusterTE:ClusterID89:petal_len:petal_wid:sepal_len:sepal_wid.1": -22.8972803354
    },
    "Description": {
        "0_petal_len": "petal_len (original)",
        "1_petal_wid": "petal_wid (original)",
        "7_InteractionSub:petal_len:sepal_wid": "[petal_len] - [sepal_wid]",
        "4_ClusterDist6:petal_wid:sepal_len:sepal_wid.5": "Distances to cluster center after segmenting columns ['petal_wid', 'sepal_len', 'sepal_wid'] into 6 clusters. Distance to cluster #5 [internal:False]",
        "4_ClusterDist6:petal_wid:sepal_len:sepal_wid.0": "Distances to cluster center after segmenting columns ['petal_wid', 'sepal_len', 'sepal_wid'] into 6 clusters. Distance to cluster #0 [internal:False]",
        "5_InteractionSub:petal_len:petal_wid": "[petal_len] - [petal_wid]",
        "6_InteractionDiv:petal_len:petal_wid": "[petal_len] / [petal_wid]",
        "8_TruncSVD:petal_len:sepal_wid.0": "Component #1 of truncated SVD of ['petal_len', 'sepal_wid'] into 1 components",
        "4_ClusterDist6:petal_wid:sepal_len:sepal_wid.4": "Distances to cluster center after segmenting columns ['petal_wid', 'sepal_len', 'sepal_wid'] into 6 clusters. Distance to cluster #4 [internal:False]",
        "4_ClusterDist6:petal_wid:sepal_len:sepal_wid.2": "Distances to cluster center after segmenting columns ['petal_wid', 'sepal_len', 'sepal_wid'] into 6 clusters. Distance to cluster #2 [internal:False]",
        "4_ClusterDist6:petal_wid:sepal_len:sepal_wid.3": "Distances to cluster center after segmenting columns ['petal_wid', 'sepal_len', 'sepal_wid'] into 6 clusters. Distance to cluster #3 [internal:False]",
        "4_ClusterDist6:petal_wid:sepal_len:sepal_wid.1": "Distances to cluster center after segmenting columns ['petal_wid', 'sepal_len', 'sepal_wid'] into 6 clusters. Distance to cluster #1 [internal:False]",
        "2_sepal_len": "sepal_len (original)",
        "9_TruncSVD:petal_wid:sepal_wid.0": "Component #1 of truncated SVD of ['petal_wid', 'sepal_wid'] into 1 components",
        "10_ClusterTE:ClusterID89:petal_len:petal_wid:sepal_len:sepal_wid.0": "Out-of-fold mean of the response (class 0) grouped by: ['ClusterID89:petal_len:petal_wid:sepal_len:sepal_wid'] using 5 folds (Clustered into 89 clusters) [internal:(89, True, 10, 5, 20)]",
        "10_ClusterTE:ClusterID89:petal_len:petal_wid:sepal_len:sepal_wid.2": "Out-of-fold mean of the response (class 2) grouped by: ['ClusterID89:petal_len:petal_wid:sepal_len:sepal_wid'] using 5 folds (Clustered into 89 clusters) [internal:(89, True, 10, 5, 20)]",
        "3_sepal_wid": "sepal_wid (original)",
        "10_ClusterTE:ClusterID89:petal_len:petal_wid:sepal_len:sepal_wid.1": "Out-of-fold mean of the response (class 1) grouped by: ['ClusterID89:petal_len:petal_wid:sepal_len:sepal_wid'] using 5 folds (Clustered into 89 clusters) [internal:(89, True, 10, 5, 20)]"
    }
}