{
    "Relative Importance": {
        "0_petal_len": 1.0,
        "1_petal_wid": 0.6607472897,
        "7_InteractionSub:petal_len:sepal_wid": 0.3427348435,
        "4_ClusterDist6:petal_wid:sepal_len:sepal_wid.5": 0.1853702962,
        "4_ClusterDist6:petal_wid:sepal_len:sepal_wid.0": 0.1171309426,
        "5_InteractionSub:petal_len:petal_wid": 0.0547849685,
        "6_InteractionDiv:petal_len:petal_wid": 0.0413696766,
        "8_TruncSVD:petal_len:sepal_wid.0": 0.0189397372,
        "4_ClusterDist6:petal_wid:sepal_len:sepal_wid.4": 0.0189278107,
        "4_ClusterDist6:petal_wid:sepal_len:sepal_wid.2": 0.0127554163,
        "4_ClusterDist6:petal_wid:sepal_len:sepal_wid.3": 0.0095098419,
        "4_ClusterDist6:petal_wid:sepal_len:sepal_wid.1": 0.007391206,
        "2_sepal_len": 0.0073368042,
        "9_TruncSVD:petal_wid:sepal_wid.0": 0.0071054664,
        "10_ClusterTE:ClusterID89:petal_len:petal_wid:sepal_len:sepal_wid.0": 0.0061414335,
        "10_ClusterTE:ClusterID89:petal_len:petal_wid:sepal_len:sepal_wid.2": 0.0034119259,
        "3_sepal_wid": 0.0030428616,
        "10_ClusterTE:ClusterID89:petal_len:petal_wid:sepal_len:sepal_wid.1": 0.002010115
    },
    "Standard Deviation of Relative Importance": {
        "0_petal_len": 0.0,
        "1_petal_wid": 0.0,
        "7_InteractionSub:petal_len:sepal_wid": 0.0,
        "4_ClusterDist6:petal_wid:sepal_len:sepal_wid.5": 0.0,
        "4_ClusterDist6:petal_wid:sepal_len:sepal_wid.0": 0.0,
        "5_InteractionSub:petal_len:petal_wid": 0.0,
        "6_InteractionDiv:petal_len:petal_wid": 0.0,
        "8_TruncSVD:petal_len:sepal_wid.0": 0.0,
        "4_ClusterDist6:petal_wid:sepal_len:sepal_wid.4": 0.0,
        "4_ClusterDist6:petal_wid:sepal_len:sepal_wid.2": 0.0,
        "4_ClusterDist6:petal_wid:sepal_len:sepal_wid.3": 0.0,
        "4_ClusterDist6:petal_wid:sepal_len:sepal_wid.1": 0.0,
        "2_sepal_len": 0.0,
        "9_TruncSVD:petal_wid:sepal_wid.0": 0.0,
        "10_ClusterTE:ClusterID89:petal_len:petal_wid:sepal_len:sepal_wid.0": 0.0,
        "10_ClusterTE:ClusterID89:petal_len:petal_wid:sepal_len:sepal_wid.2": 0.0,
        "3_sepal_wid": 0.0,
        "10_ClusterTE:ClusterID89:petal_len:petal_wid:sepal_len:sepal_wid.1": 0.0
    },
    "Description": {
        "0_petal_len": "petal_len (original)",
        "1_petal_wid": "petal_wid (original)",
        "7_InteractionSub:petal_len:sepal_wid": "[petal_len] - [sepal_wid]",
        "4_ClusterDist6:petal_wid:sepal_len:sepal_wid.5": "Distances to cluster center after segmenting columns ['petal_wid', 'sepal_len', 'sepal_wid'] into 6 clusters. Distance to cluster #5 [internal:False]",
        "4_ClusterDist6:petal_wid:sepal_len:sepal_wid.0": "Distances to cluster center after segmenting columns ['petal_wid', 'sepal_len', 'sepal_wid'] into 6 clusters. Distance to cluster #0 [internal:False]",
        "5_InteractionSub:petal_len:petal_wid": "[petal_len] - [petal_wid]",
        "6_InteractionDiv:petal_len:petal_wid": "[petal_len] / [petal_wid]",
        "8_TruncSVD:petal_len:sepal_wid.0": "Component #1 of truncated SVD of ['petal_len', 'sepal_wid'] into 1 components",
        "4_ClusterDist6:petal_wid:sepal_len:sepal_wid.4": "Distances to cluster center after segmenting columns ['petal_wid', 'sepal_len', 'sepal_wid'] into 6 clusters. Distance to cluster #4 [internal:False]",
        "4_ClusterDist6:petal_wid:sepal_len:sepal_wid.2": "Distances to cluster center after segmenting columns ['petal_wid', 'sepal_len', 'sepal_wid'] into 6 clusters. Distance to cluster #2 [internal:False]",
        "4_ClusterDist6:petal_wid:sepal_len:sepal_wid.3": "Distances to cluster center after segmenting columns ['petal_wid', 'sepal_len', 'sepal_wid'] into 6 clusters. Distance to cluster #3 [internal:False]",
        "4_ClusterDist6:petal_wid:sepal_len:sepal_wid.1": "Distances to cluster center after segmenting columns ['petal_wid', 'sepal_len', 'sepal_wid'] into 6 clusters. Distance to cluster #1 [internal:False]",
        "2_sepal_len": "sepal_len (original)",
        "9_TruncSVD:petal_wid:sepal_wid.0": "Component #1 of truncated SVD of ['petal_wid', 'sepal_wid'] into 1 components",
        "10_ClusterTE:ClusterID89:petal_len:petal_wid:sepal_len:sepal_wid.0": "Out-of-fold mean of the response (class 0) grouped by: ['ClusterID89:petal_len:petal_wid:sepal_len:sepal_wid'] using 5 folds (Clustered into 89 clusters) [internal:(89, True, 10, 5, 20)]",
        "10_ClusterTE:ClusterID89:petal_len:petal_wid:sepal_len:sepal_wid.2": "Out-of-fold mean of the response (class 2) grouped by: ['ClusterID89:petal_len:petal_wid:sepal_len:sepal_wid'] using 5 folds (Clustered into 89 clusters) [internal:(89, True, 10, 5, 20)]",
        "3_sepal_wid": "sepal_wid (original)",
        "10_ClusterTE:ClusterID89:petal_len:petal_wid:sepal_len:sepal_wid.1": "Out-of-fold mean of the response (class 1) grouped by: ['ClusterID89:petal_len:petal_wid:sepal_len:sepal_wid'] using 5 folds (Clustered into 89 clusters) [internal:(89, True, 10, 5, 20)]"
    }
}