{
    "Optimized": {
        "MCC": "",
        "MACROAUC": "",
        "GINI": "",
        "F2": "",
        "F1": "",
        "F05": "",
        "AUCPR": "",
        "AUC": "",
        "ACCURACY": "",
        "LOGLOSS": "*"
    },
    "Better score is": {
        "MCC": "higher",
        "MACROAUC": "higher",
        "GINI": "higher",
        "F2": "higher",
        "F1": "higher",
        "F05": "higher",
        "AUCPR": "higher",
        "AUC": "higher",
        "ACCURACY": "higher",
        "LOGLOSS": "lower"
    },
    "Final (best individual) validation scores": {
        "MCC": "N/A",
        "MACROAUC": "N/A",
        "GINI": "N/A",
        "F2": "N/A",
        "F1": "N/A",
        "F05": "N/A",
        "AUCPR": "N/A",
        "AUC": "N/A",
        "ACCURACY": "N/A",
        "LOGLOSS": "0.13005"
    },
    "Final (best individual) validation standard deviation": {
        "MCC": "N/A",
        "MACROAUC": "N/A",
        "GINI": "N/A",
        "F2": "N/A",
        "F1": "N/A",
        "F05": "N/A",
        "AUCPR": "N/A",
        "AUC": "N/A",
        "ACCURACY": "N/A",
        "LOGLOSS": "0.066276"
    }
}