{
    "indiv_id": {
        "0": 0
    },
    "iter_num": {
        "0": 1
    },
    "accuracy": {
        "0": 4
    },
    "time_tolerance": {
        "0": 1
    },
    "interpretability": {
        "0": 4
    },
    "score": {
        "0": 0.2199566719
    },
    "score_sd": {
        "0": 0.1002834862
    },
    "top derived_features": {
        "0": "[['0_petal_len', 1.0], ['2_sepal_len', 0.236802875995636], ['9_TruncSVD:petal_wid:sepal_wid.0', 0.10128049552440643]]"
    },
    "top original_features": {
        "0": "[['petal_len', 0.6799823570418398], ['sepal_len', 0.16102177777379909], ['sepal_wid', 0.0901269151153097]]"
    },
    "training_times": {
        "0": 3.2029736042
    },
    "best_iterations": {
        "0": 164
    },
    "ngenes_start": {
        "0": 4
    },
    "ngenes_max": {
        "0": 27144806
    },
    "ngenes": {
        "0": 4
    },
    "ngenes_dead": {
        "0": 8
    },
    "nfeatures_max": {
        "0": 27144806
    },
    "nfeatures": {
        "0": 4
    },
    "model_name": {
        "0": "XGBOOSTGBM"
    },
    "target_transformer_name": {
        "0": "NoneType"
    },
    "booster": {
        "0": "gbtree"
    },
    "n_gpus": {
        "0": 0
    },
    "gpu_id": {
        "0": 0
    },
    "n_jobs": {
        "0": 8
    },
    "n_estimators": {
        "0": 600
    },
    "num_classes": {
        "0": 3
    },
    "num_class": {
        "0": 3
    },
    "score_f_name": {
        "0": "LOGLOSS"
    },
    "random_state": {
        "0": 1234
    },
    "learning_rate": {
        "0": 0.05
    },
    "reg_alpha": {
        "0": 0.0
    },
    "reg_lambda": {
        "0": 1.0
    },
    "gamma": {
        "0": 0
    },
    "max_bin": {
        "0": 256
    },
    "scale_pos_weight": {
        "0": 1
    },
    "max_delta_step": {
        "0": 0
    },
    "min_child_weight": {
        "0": 1
    },
    "subsample": {
        "0": 0.7
    },
    "colsample_bytree": {
        "0": 0.8
    },
    "tree_method": {
        "0": "hist"
    },
    "grow_policy": {
        "0": "depthwise"
    },
    "max_depth": {
        "0": 6
    },
    "max_leaves": {
        "0": 0
    },
    "early_stopping_rounds": {
        "0": 20
    },
    "objective": {
        "0": "multi:softprob"
    },
    "eval_metric": {
        "0": "mlogloss"
    },
    "early_stopping_threshold": {
        "0": 0.001
    },
    "monotonicity_constraints": {
        "0": false
    },
    "silent": {
        "0": true
    },
    "debug_verbose": {
        "0": 0
    },
    "model_origin": {
        "0": "RANDOM"
    }
}{
    "indiv_id": {
        "2": 0
    },
    "iter_num": {
        "2": 2
    },
    "accuracy": {
        "2": 4
    },
    "time_tolerance": {
        "2": 1
    },
    "interpretability": {
        "2": 4
    },
    "score": {
        "2": 0.1428172208
    },
    "score_sd": {
        "2": 0.069043622
    },
    "top derived_features": {
        "2": "[['0_petal_len', 1.0], ['1_petal_wid', 0.5316463708877563], ['7_InteractionSub:petal_len:sepal_wid', 0.14324994385242462]]"
    },
    "top original_features": {
        "2": "[['petal_len', 0.4048691062030356], ['petal_wid', 0.3031867130019183], ['sepal_wid', 0.17180035184180395]]"
    },
    "training_times": {
        "2": 0.3829202652
    },
    "best_iterations": {
        "2": 197
    },
    "ngenes_start": {
        "2": 8
    },
    "ngenes_max": {
        "2": 27144806
    },
    "ngenes": {
        "2": 8
    },
    "ngenes_dead": {
        "2": 4
    },
    "nfeatures_max": {
        "2": 27144806
    },
    "nfeatures": {
        "2": 15
    },
    "model_name": {
        "2": "XGBOOSTGBM"
    },
    "target_transformer_name": {
        "2": "NoneType"
    },
    "booster": {
        "2": "gbtree"
    },
    "n_gpus": {
        "2": 0
    },
    "gpu_id": {
        "2": 0
    },
    "n_jobs": {
        "2": 8
    },
    "n_estimators": {
        "2": 600
    },
    "num_classes": {
        "2": 3
    },
    "num_class": {
        "2": 3
    },
    "score_f_name": {
        "2": "LOGLOSS"
    },
    "random_state": {
        "2": 1234
    },
    "learning_rate": {
        "2": 0.05
    },
    "reg_alpha": {
        "2": 0.0
    },
    "reg_lambda": {
        "2": 1.0
    },
    "gamma": {
        "2": 0
    },
    "max_bin": {
        "2": 256
    },
    "scale_pos_weight": {
        "2": 1
    },
    "max_delta_step": {
        "2": 0
    },
    "min_child_weight": {
        "2": 1
    },
    "subsample": {
        "2": 0.7
    },
    "colsample_bytree": {
        "2": 0.8
    },
    "tree_method": {
        "2": "hist"
    },
    "grow_policy": {
        "2": "depthwise"
    },
    "max_leaves": {
        "2": 0
    },
    "max_depth": {
        "2": 6
    },
    "min_data_in_bin": {
        "2": ""
    },
    "min_child_samples": {
        "2": ""
    },
    "boosting_type": {
        "2": ""
    },
    "early_stopping_rounds": {
        "2": 20
    },
    "objective": {
        "2": "multi:softprob"
    },
    "eval_metric": {
        "2": "mlogloss"
    },
    "monotonicity_constraints": {
        "2": false
    },
    "silent": {
        "2": true
    },
    "model_origin": {
        "2": "RANDOM"
    },
    "early_stopping_threshold": {
        "2": 0.001
    },
    "debug_verbose": {
        "2": 0.0
    }
}{
    "indiv_id": {
        "3": 0
    },
    "iter_num": {
        "3": 3
    },
    "accuracy": {
        "3": 4
    },
    "time_tolerance": {
        "3": 1
    },
    "interpretability": {
        "3": 4
    },
    "score": {
        "3": 0.2185978443
    },
    "score_sd": {
        "3": 0.1330973459
    },
    "top derived_features": {
        "3": "[['11_ClusterDist8:petal_len:petal_wid.1', 1.0], ['11_ClusterDist8:petal_len:petal_wid.0', 0.8473489284515381], ['0_petal_len', 0.7040877342224121]]"
    },
    "top original_features": {
        "3": "[['petal_len', 0.5413629241689664], ['petal_wid', 0.4572316619303117], ['sepal_len', 0.0008905606844798481]]"
    },
    "training_times": {
        "3": 0.4057102203
    },
    "best_iterations": {
        "3": 97
    },
    "ngenes_start": {
        "3": 12
    },
    "ngenes_max": {
        "3": 100000000
    },
    "ngenes": {
        "3": 9
    },
    "ngenes_dead": {
        "3": 2
    },
    "nfeatures_max": {
        "3": 100000000
    },
    "nfeatures": {
        "3": 18
    },
    "model_name": {
        "3": "LIGHTGBM"
    },
    "target_transformer_name": {
        "3": "NoneType"
    },
    "booster": {
        "3": "lightgbm"
    },
    "n_gpus": {
        "3": 0
    },
    "gpu_id": {
        "3": 0
    },
    "n_jobs": {
        "3": 8
    },
    "n_estimators": {
        "3": 600
    },
    "num_classes": {
        "3": 3
    },
    "num_class": {
        "3": 3
    },
    "score_f_name": {
        "3": "LOGLOSS"
    },
    "random_state": {
        "3": 1234
    },
    "learning_rate": {
        "3": 0.05
    },
    "reg_alpha": {
        "3": 0.0
    },
    "reg_lambda": {
        "3": 1.0
    },
    "gamma": {
        "3": 0
    },
    "max_bin": {
        "3": 256
    },
    "scale_pos_weight": {
        "3": 1
    },
    "max_delta_step": {
        "3": 0
    },
    "min_child_weight": {
        "3": 1
    },
    "subsample": {
        "3": 0.7
    },
    "colsample_bytree": {
        "3": 0.8
    },
    "tree_method": {
        "3": "hist"
    },
    "grow_policy": {
        "3": "depthwise"
    },
    "max_leaves": {
        "3": 0
    },
    "max_depth": {
        "3": 6
    },
    "min_data_in_bin": {
        "3": 1
    },
    "min_child_samples": {
        "3": 1
    },
    "boosting_type": {
        "3": "gbdt"
    },
    "early_stopping_rounds": {
        "3": 20
    },
    "objective": {
        "3": "multi:softprob"
    },
    "eval_metric": {
        "3": "mlogloss"
    },
    "monotonicity_constraints": {
        "3": false
    },
    "silent": {
        "3": true
    },
    "model_origin": {
        "3": "SEQUENCE"
    },
    "early_stopping_threshold": {
        "3": ""
    },
    "debug_verbose": {
        "3": ""
    }
}{
    "indiv_id": {
        "4": 0
    },
    "iter_num": {
        "4": 4
    },
    "accuracy": {
        "4": 4
    },
    "time_tolerance": {
        "4": 1
    },
    "interpretability": {
        "4": 4
    },
    "score": {
        "4": 0.1369981325
    },
    "score_sd": {
        "4": 0.0714469032
    },
    "top derived_features": {
        "4": "[['0_petal_len', 1.0], ['1_petal_wid', 0.5283995866775513], ['7_InteractionSub:petal_len:sepal_wid', 0.10166400671005249]]"
    },
    "top original_features": {
        "4": "[['petal_len', 0.43276219882279066], ['petal_wid', 0.3108695016364747], ['sepal_wid', 0.1537225811444932]]"
    },
    "training_times": {
        "4": 0.3891990185
    },
    "best_iterations": {
        "4": 268
    },
    "ngenes_start": {
        "4": 12
    },
    "ngenes_max": {
        "4": 27144806
    },
    "ngenes": {
        "4": 12
    },
    "ngenes_dead": {
        "4": 0
    },
    "nfeatures_max": {
        "4": 27144806
    },
    "nfeatures": {
        "4": 19
    },
    "model_name": {
        "4": "XGBOOSTGBM"
    },
    "target_transformer_name": {
        "4": "NoneType"
    },
    "booster": {
        "4": "gbtree"
    },
    "n_gpus": {
        "4": 0
    },
    "gpu_id": {
        "4": 0
    },
    "n_jobs": {
        "4": 8
    },
    "n_estimators": {
        "4": 600
    },
    "num_classes": {
        "4": 3
    },
    "num_class": {
        "4": 3
    },
    "score_f_name": {
        "4": "LOGLOSS"
    },
    "random_state": {
        "4": 1234
    },
    "learning_rate": {
        "4": 0.05
    },
    "reg_alpha": {
        "4": 0.0
    },
    "reg_lambda": {
        "4": 1.0
    },
    "gamma": {
        "4": 0
    },
    "max_bin": {
        "4": 256
    },
    "scale_pos_weight": {
        "4": 1
    },
    "max_delta_step": {
        "4": 0
    },
    "min_child_weight": {
        "4": 1
    },
    "subsample": {
        "4": 0.7
    },
    "colsample_bytree": {
        "4": 0.8
    },
    "tree_method": {
        "4": "hist"
    },
    "grow_policy": {
        "4": "depthwise"
    },
    "max_leaves": {
        "4": 0
    },
    "max_depth": {
        "4": 6
    },
    "min_data_in_bin": {
        "4": ""
    },
    "min_child_samples": {
        "4": ""
    },
    "boosting_type": {
        "4": ""
    },
    "early_stopping_rounds": {
        "4": 20
    },
    "objective": {
        "4": "multi:softprob"
    },
    "eval_metric": {
        "4": "mlogloss"
    },
    "monotonicity_constraints": {
        "4": false
    },
    "silent": {
        "4": true
    },
    "model_origin": {
        "4": "SEQUENCE"
    },
    "early_stopping_threshold": {
        "4": 0.001
    },
    "debug_verbose": {
        "4": 0
    }
}{
    "indiv_id": {
        "5": 0
    },
    "iter_num": {
        "5": 6
    },
    "accuracy": {
        "5": 4
    },
    "time_tolerance": {
        "5": 1
    },
    "interpretability": {
        "5": 4
    },
    "score": {
        "5": 0.1300500224
    },
    "score_sd": {
        "5": 0.0662757873
    },
    "top derived_features": {
        "5": "[['0_petal_len', 1.0], ['1_petal_wid', 0.70050032446525], ['7_InteractionSub:petal_len:sepal_wid', 0.11400317629956719]]"
    },
    "top original_features": {
        "5": "[['petal_len', 0.3981951584655349], ['petal_wid', 0.3461759170223818], ['sepal_wid', 0.15282826142245715]]"
    },
    "training_times": {
        "5": 0.4157824516
    },
    "best_iterations": {
        "5": 272
    },
    "ngenes_start": {
        "5": 12
    },
    "ngenes_max": {
        "5": 27144806
    },
    "ngenes": {
        "5": 11
    },
    "ngenes_dead": {
        "5": 3
    },
    "nfeatures_max": {
        "5": 27144806
    },
    "nfeatures": {
        "5": 18
    },
    "model_name": {
        "5": "XGBOOSTGBM"
    },
    "target_transformer_name": {
        "5": "NoneType"
    },
    "booster": {
        "5": "gbtree"
    },
    "n_gpus": {
        "5": 0
    },
    "gpu_id": {
        "5": 0
    },
    "n_jobs": {
        "5": 8
    },
    "n_estimators": {
        "5": 600
    },
    "num_classes": {
        "5": 3
    },
    "num_class": {
        "5": 3
    },
    "score_f_name": {
        "5": "LOGLOSS"
    },
    "random_state": {
        "5": 1234
    },
    "learning_rate": {
        "5": 0.05
    },
    "reg_alpha": {
        "5": 0.0
    },
    "reg_lambda": {
        "5": 1.0
    },
    "gamma": {
        "5": 0
    },
    "max_bin": {
        "5": 256
    },
    "scale_pos_weight": {
        "5": 1
    },
    "max_delta_step": {
        "5": 0
    },
    "min_child_weight": {
        "5": 1
    },
    "subsample": {
        "5": 0.7
    },
    "colsample_bytree": {
        "5": 0.8
    },
    "tree_method": {
        "5": "hist"
    },
    "grow_policy": {
        "5": "depthwise"
    },
    "max_leaves": {
        "5": 0
    },
    "max_depth": {
        "5": 6
    },
    "min_data_in_bin": {
        "5": ""
    },
    "min_child_samples": {
        "5": ""
    },
    "boosting_type": {
        "5": ""
    },
    "early_stopping_rounds": {
        "5": 20
    },
    "objective": {
        "5": "multi:softprob"
    },
    "eval_metric": {
        "5": "mlogloss"
    },
    "monotonicity_constraints": {
        "5": false
    },
    "silent": {
        "5": true
    },
    "model_origin": {
        "5": "SEQUENCE"
    },
    "early_stopping_threshold": {
        "5": 0.001
    },
    "debug_verbose": {
        "5": 0
    }
}