,indiv_id,iter_num,accuracy,time_tolerance,interpretability,score,score_sd,top derived_features,top original_features,training_times,best_iterations,ngenes_start,ngenes_max,ngenes,ngenes_dead,nfeatures_max,nfeatures,model_name,target_transformer_name,booster,n_gpus,gpu_id,n_jobs,n_estimators,num_classes,num_class,score_f_name,random_state,learning_rate,reg_alpha,reg_lambda,gamma,max_bin,scale_pos_weight,max_delta_step,min_child_weight,subsample,colsample_bytree,tree_method,grow_policy,max_leaves,max_depth,min_data_in_bin,min_child_samples,boosting_type,early_stopping_rounds,objective,eval_metric,monotonicity_constraints,silent,model_origin,early_stopping_threshold,debug_verbose
0,0,-1,4,1,4,0.23174780789105323,0.11898217423553208,"[['0_petal_len', 1.0], ['1_petal_wid', 0.6964952349662781], ['3_sepal_wid', 0.0186805110424757]]","[['petal_len', 0.5798441230827511], ['petal_wid', 0.4038586687503362], ['sepal_wid', 0.010831784544161971]]",0.3450615406036377,88,4,100000000,4,0,100000000,4,LIGHTGBM,NoneType,lightgbm,0,0,8,600,3,3,LOGLOSS,1234,0.05,0.0,1.0,0,256,1,0,1,0.7,0.8,hist,depthwise,0,6,1.0,1.0,gbdt,20,multi:softprob,mlogloss,False,True,"DefaultIndiv: do_te:True,interp:4,depth:6,num_as_cat:False",,
1,0,1,4,1,4,0.21995667189781504,0.10028348621334734,"[['0_petal_len', 1.0], ['2_sepal_len', 0.236802875995636], ['9_TruncSVD:petal_wid:sepal_wid.0', 0.10128049552440643]]","[['petal_len', 0.6799823570418398], ['sepal_len', 0.16102177777379909], ['sepal_wid', 0.0901269151153097]]",3.2029736042022705,164,4,27144806,4,8,27144806,4,XGBOOSTGBM,NoneType,gbtree,0,0,8,600,3,3,LOGLOSS,1234,0.05,0.0,1.0,0,256,1,0,1,0.7,0.8,hist,depthwise,0,6,,,,20,multi:softprob,mlogloss,False,True,RANDOM,0.001,0.0
indiv_id,iter_num,accuracy,time_tolerance,interpretability,score,score_sd,top derived_features,top original_features,training_times,best_iterations,ngenes_start,ngenes_max,ngenes,ngenes_dead,nfeatures_max,nfeatures,model_name,target_transformer_name,booster,n_gpus,gpu_id,n_jobs,n_estimators,num_classes,num_class,score_f_name,random_state,learning_rate,reg_alpha,reg_lambda,gamma,max_bin,scale_pos_weight,max_delta_step,min_child_weight,subsample,colsample_bytree,tree_method,grow_policy,max_leaves,max_depth,min_data_in_bin,min_child_samples,boosting_type,early_stopping_rounds,objective,eval_metric,monotonicity_constraints,silent,model_origin,early_stopping_threshold,debug_verbose
0,2,4,1,4,0.14281722077261658,0.06904362195655286,"[['0_petal_len', 1.0], ['1_petal_wid', 0.5316463708877563], ['7_InteractionSub:petal_len:sepal_wid', 0.14324994385242462]]","[['petal_len', 0.4048691062030356], ['petal_wid', 0.3031867130019183], ['sepal_wid', 0.17180035184180395]]",0.3829202651977539,197,8,27144806,8,4,27144806,15,XGBOOSTGBM,NoneType,gbtree,0,0,8,600,3,3,LOGLOSS,1234,0.05,0.0,1.0,0,256,1,0,1,0.7,0.8,hist,depthwise,0,6,,,,20,multi:softprob,mlogloss,False,True,RANDOM,0.001,0.0
indiv_id,iter_num,accuracy,time_tolerance,interpretability,score,score_sd,top derived_features,top original_features,training_times,best_iterations,ngenes_start,ngenes_max,ngenes,ngenes_dead,nfeatures_max,nfeatures,model_name,target_transformer_name,booster,n_gpus,gpu_id,n_jobs,n_estimators,num_classes,num_class,score_f_name,random_state,learning_rate,reg_alpha,reg_lambda,gamma,max_bin,scale_pos_weight,max_delta_step,min_child_weight,subsample,colsample_bytree,tree_method,grow_policy,max_leaves,max_depth,min_data_in_bin,min_child_samples,boosting_type,early_stopping_rounds,objective,eval_metric,monotonicity_constraints,silent,model_origin,early_stopping_threshold,debug_verbose
0,3,4,1,4,0.21859784429958634,0.13309734589631395,"[['11_ClusterDist8:petal_len:petal_wid.1', 1.0], ['11_ClusterDist8:petal_len:petal_wid.0', 0.8473489284515381], ['0_petal_len', 0.7040877342224121]]","[['petal_len', 0.5413629241689664], ['petal_wid', 0.4572316619303117], ['sepal_len', 0.0008905606844798481]]",0.40571022033691406,97,12,100000000,9,2,100000000,18,LIGHTGBM,NoneType,lightgbm,0,0,8,600,3,3,LOGLOSS,1234,0.05,0.0,1.0,0,256,1,0,1,0.7,0.8,hist,depthwise,0,6,1,1,gbdt,20,multi:softprob,mlogloss,False,True,SEQUENCE,,
indiv_id,iter_num,accuracy,time_tolerance,interpretability,score,score_sd,top derived_features,top original_features,training_times,best_iterations,ngenes_start,ngenes_max,ngenes,ngenes_dead,nfeatures_max,nfeatures,model_name,target_transformer_name,booster,n_gpus,gpu_id,n_jobs,n_estimators,num_classes,num_class,score_f_name,random_state,learning_rate,reg_alpha,reg_lambda,gamma,max_bin,scale_pos_weight,max_delta_step,min_child_weight,subsample,colsample_bytree,tree_method,grow_policy,max_leaves,max_depth,min_data_in_bin,min_child_samples,boosting_type,early_stopping_rounds,objective,eval_metric,monotonicity_constraints,silent,model_origin,early_stopping_threshold,debug_verbose
0,4,4,1,4,0.13699813254656928,0.07144690323625474,"[['0_petal_len', 1.0], ['1_petal_wid', 0.5283995866775513], ['7_InteractionSub:petal_len:sepal_wid', 0.10166400671005249]]","[['petal_len', 0.43276219882279066], ['petal_wid', 0.3108695016364747], ['sepal_wid', 0.1537225811444932]]",0.38919901847839355,268,12,27144806,12,0,27144806,19,XGBOOSTGBM,NoneType,gbtree,0,0,8,600,3,3,LOGLOSS,1234,0.05,0.0,1.0,0,256,1,0,1,0.7,0.8,hist,depthwise,0,6,,,,20,multi:softprob,mlogloss,False,True,SEQUENCE,0.001,0
indiv_id,iter_num,accuracy,time_tolerance,interpretability,score,score_sd,top derived_features,top original_features,training_times,best_iterations,ngenes_start,ngenes_max,ngenes,ngenes_dead,nfeatures_max,nfeatures,model_name,target_transformer_name,booster,n_gpus,gpu_id,n_jobs,n_estimators,num_classes,num_class,score_f_name,random_state,learning_rate,reg_alpha,reg_lambda,gamma,max_bin,scale_pos_weight,max_delta_step,min_child_weight,subsample,colsample_bytree,tree_method,grow_policy,max_leaves,max_depth,min_data_in_bin,min_child_samples,boosting_type,early_stopping_rounds,objective,eval_metric,monotonicity_constraints,silent,model_origin,early_stopping_threshold,debug_verbose
0,6,4,1,4,0.1300500223896028,0.06627578730104633,"[['0_petal_len', 1.0], ['1_petal_wid', 0.70050032446525], ['7_InteractionSub:petal_len:sepal_wid', 0.11400317629956719]]","[['petal_len', 0.3981951584655349], ['petal_wid', 0.3461759170223818], ['sepal_wid', 0.15282826142245715]]",0.41578245162963867,272,12,27144806,11,3,27144806,18,XGBOOSTGBM,NoneType,gbtree,0,0,8,600,3,3,LOGLOSS,1234,0.05,0.0,1.0,0,256,1,0,1,0.7,0.8,hist,depthwise,0,6,,,,20,multi:softprob,mlogloss,False,True,SEQUENCE,0.001,0
