{"aborted": false, "accuracy": 4, "auto_dl_failure": null, "baseline_score": 0.23174780789105323, "baseline_sd": 0.06904362195655286, "class_str": "3-class", "classes": 3, "classification": true, "disable_gpus": true, "exceptional": false, "experiment_description": "guwaciku", "experiment_id": "4e86cfd8-ba96-11e9-b4c6-0242ac110002", "full_feature_desc": {"0_petal_len": "petal_len (original)", "1_petal_wid": "petal_wid (original)", "10_ClusterTE:ClusterID89:petal_len:petal_wid:sepal_len:sepal_wid.0": "Out-of-fold mean of the response (class 0) grouped by: ['ClusterID89:petal_len:petal_wid:sepal_len:sepal_wid'] using 5 folds (Clustered into 89 clusters) [internal:(89, True, 10, 5, 20)]", "10_ClusterTE:ClusterID89:petal_len:petal_wid:sepal_len:sepal_wid.1": "Out-of-fold mean of the response (class 1) grouped by: ['ClusterID89:petal_len:petal_wid:sepal_len:sepal_wid'] using 5 folds (Clustered into 89 clusters) [internal:(89, True, 10, 5, 20)]", "10_ClusterTE:ClusterID89:petal_len:petal_wid:sepal_len:sepal_wid.2": "Out-of-fold mean of the response (class 2) grouped by: ['ClusterID89:petal_len:petal_wid:sepal_len:sepal_wid'] using 5 folds (Clustered into 89 clusters) [internal:(89, True, 10, 5, 20)]", "2_sepal_len": "sepal_len (original)", "3_sepal_wid": "sepal_wid (original)", "4_ClusterDist6:petal_wid:sepal_len:sepal_wid.0": "Distances to cluster center after segmenting columns ['petal_wid', 'sepal_len', 'sepal_wid'] into 6 clusters. Distance to cluster #0 [internal:False]", "4_ClusterDist6:petal_wid:sepal_len:sepal_wid.1": "Distances to cluster center after segmenting columns ['petal_wid', 'sepal_len', 'sepal_wid'] into 6 clusters. Distance to cluster #1 [internal:False]", "4_ClusterDist6:petal_wid:sepal_len:sepal_wid.2": "Distances to cluster center after segmenting columns ['petal_wid', 'sepal_len', 'sepal_wid'] into 6 clusters. Distance to cluster #2 [internal:False]", "4_ClusterDist6:petal_wid:sepal_len:sepal_wid.3": "Distances to cluster center after segmenting columns ['petal_wid', 'sepal_len', 'sepal_wid'] into 6 clusters. Distance to cluster #3 [internal:False]", "4_ClusterDist6:petal_wid:sepal_len:sepal_wid.4": "Distances to cluster center after segmenting columns ['petal_wid', 'sepal_len', 'sepal_wid'] into 6 clusters. Distance to cluster #4 [internal:False]", "4_ClusterDist6:petal_wid:sepal_len:sepal_wid.5": "Distances to cluster center after segmenting columns ['petal_wid', 'sepal_len', 'sepal_wid'] into 6 clusters. Distance to cluster #5 [internal:False]", "5_InteractionSub:petal_len:petal_wid": "[petal_len] - [petal_wid]", "6_InteractionDiv:petal_len:petal_wid": "[petal_len] / [petal_wid]", "7_InteractionSub:petal_len:sepal_wid": "[petal_len] - [sepal_wid]", "8_TruncSVD:petal_len:sepal_wid.0": "Component #1 of truncated SVD of ['petal_len', 'sepal_wid'] into 1 components", "9_TruncSVD:petal_wid:sepal_wid.0": "Component #1 of truncated SVD of ['petal_wid', 'sepal_wid'] into 1 components"}, "giga": 1073741824, "holdout": "holdouts", "holdout0": "holdouts", "host_memory_in_bytes": 66016198656, "host_memory_in_gb": 61, "interpretability": 4, "iter_num": 6, "max_cpu_memory_usage": 466526208, "max_gpu_memory_usage": 0, "mojo_msg": "1.40 secs", "mojo_name": "Mojo scorer building", "name_dict": {"length": 1.4031445980072021, "models": 0, "expected_models": 0}, "ncol_effective": 4, "ngpus": 0, "num_cpus": 16, "num_individuals": 2, "num_validation_splits": 2, "only_first_fold_model": true, "python_msg": "96.83 secs", "python_name": "Python scorer building", "score_f_name": "LOGLOSS", "seed": 1234, "system": "Docker/Linux", "target": "species", "target_fraction": null, "test_data_name": "[Test]", "test_dt_shape": null, "test_score": null, "test_sd": null, "time_column": null, "time_tolerance": 1, "timers_dict": {"Data preparation": "4.55 secs", "Shift/Leakage detection": "1.45 secs", "Model and feature tuning": "13.52 secs (11 models trained)", "Feature evolution": "2.60 secs (2 of 6 models trained)", "Final pipeline training": "2.14 secs (1 model trained)", "Python scorer building": "96.83 secs", "Mojo scorer building": "1.40 secs"}, "timers_dict_for_json": {"Data preparation": {"length": 4.551055192947388, "models": 0, "expected_models": 0}, "Shift/Leakage detection": {"length": 1.4489445686340332, "models": 0, "expected_models": 0}, "Model and feature tuning": {"length": 13.51878023147583, "models": 11, "expected_models": 11}, "Feature evolution": {"length": 2.6020309925079346, "models": 2, "expected_models": 6}, "Final pipeline training": {"length": 2.1386258602142334, "models": 1, "expected_models": 1}, "Python scorer building": {"length": 96.83138966560364, "models": 0, "expected_models": 0}, "Mojo scorer building": {"length": 1.4031445980072021, "models": 0, "expected_models": 0}}, "tmp_dir": "./tmp/h2oai_experiment_4e86cfd8-ba96-11e9-b4c6-0242ac110002", "total_num_features_created": 35, "train_data_name": "iris_train.csv", "train_df_shape": [100, 5], "transform": "", "tt": "Timer", "valid_data_name": "[Valid]", "valid_dt_shape": null, "valid_score": 0.1300500223896028, "valid_sd": 0.06627578730104633}