{"Data preparation": {"length": 4.551055192947388, "models": 0, "expected_models": 0}, "Shift/Leakage detection": {"length": 1.4489445686340332, "models": 0, "expected_models": 0}, "Model and feature tuning": {"length": 13.51878023147583, "models": 11, "expected_models": 11}, "Feature evolution": {"length": 2.6020309925079346, "models": 2, "expected_models": 6}, "Final pipeline training": {"length": 2.1386258602142334, "models": 1, "expected_models": 1}, "Python scorer building": {"length": 96.83138966560364, "models": 0, "expected_models": 0}, "Mojo scorer building": {"length": 1.4031445980072021, "models": 0, "expected_models": 0}}