{
    "job order": {
        "0": 4,
        "1": 2,
        "2": 3,
        "3": 1,
        "4": 0
    },
    "job status": {
        "0": "PASSED",
        "1": "PASSED",
        "2": "PASSED",
        "3": "PASSED",
        "4": "PASSED"
    },
    "booster": {
        "0": "gbtree",
        "1": "gbtree",
        "2": "lightgbm",
        "3": "gbtree",
        "4": "lightgbm"
    },
    "boosting_type": {
        "0": "",
        "1": "",
        "2": "gbdt",
        "3": "",
        "4": "gbdt"
    },
    "colsample_bytree": {
        "0": 0.8,
        "1": 0.8,
        "2": 0.8,
        "3": 0.8,
        "4": 0.8
    },
    "debug_verbose": {
        "0": 0,
        "1": 0,
        "2": "",
        "3": 0,
        "4": ""
    },
    "early_stopping_rounds": {
        "0": 20,
        "1": 20,
        "2": 20,
        "3": 20,
        "4": 20
    },
    "early_stopping_threshold": {
        "0": 0.001,
        "1": 0.001,
        "2": "",
        "3": 0.001,
        "4": ""
    },
    "eval_metric": {
        "0": "mlogloss",
        "1": "mlogloss",
        "2": "mlogloss",
        "3": "mlogloss",
        "4": "mlogloss"
    },
    "gamma": {
        "0": 0,
        "1": 0,
        "2": 0,
        "3": 0,
        "4": 0
    },
    "gpu_id": {
        "0": 0,
        "1": 0,
        "2": 0,
        "3": 0,
        "4": 0
    },
    "grow_policy": {
        "0": "depthwise",
        "1": "depthwise",
        "2": "depthwise",
        "3": "depthwise",
        "4": "depthwise"
    },
    "learning_rate": {
        "0": 0.05,
        "1": 0.05,
        "2": 0.05,
        "3": 0.05,
        "4": 0.05
    },
    "max_bin": {
        "0": 256,
        "1": 256,
        "2": 256,
        "3": 256,
        "4": 256
    },
    "max_delta_step": {
        "0": 0,
        "1": 0,
        "2": 0,
        "3": 0,
        "4": 0
    },
    "max_depth": {
        "0": 6.0,
        "1": 6.0,
        "2": 6.0,
        "3": 6.0,
        "4": 6.0
    },
    "max_leaves": {
        "0": 0.0,
        "1": 0.0,
        "2": 0.0,
        "3": 0.0,
        "4": 0.0
    },
    "min_child_samples": {
        "0": "",
        "1": "",
        "2": 1,
        "3": "",
        "4": 1
    },
    "min_child_weight": {
        "0": 1,
        "1": 1,
        "2": 1,
        "3": 1,
        "4": 1
    },
    "min_data_in_bin": {
        "0": "",
        "1": "",
        "2": 1,
        "3": "",
        "4": 1
    },
    "model_origin": {
        "0": "SEQUENCE",
        "1": "RANDOM",
        "2": "SEQUENCE",
        "3": "RANDOM",
        "4": "DefaultIndiv: do_te:True,interp:4,depth:6,num_as_cat:False"
    },
    "monotonicity_constraints": {
        "0": false,
        "1": false,
        "2": false,
        "3": false,
        "4": false
    },
    "n_estimators": {
        "0": 600,
        "1": 600,
        "2": 600,
        "3": 600,
        "4": 600
    },
    "n_gpus": {
        "0": 0,
        "1": 0,
        "2": 0,
        "3": 0,
        "4": 0
    },
    "n_jobs": {
        "0": 8,
        "1": 8,
        "2": 8,
        "3": 8,
        "4": 8
    },
    "num_class": {
        "0": 3,
        "1": 3,
        "2": 3,
        "3": 3,
        "4": 3
    },
    "num_classes": {
        "0": 3,
        "1": 3,
        "2": 3,
        "3": 3,
        "4": 3
    },
    "objective": {
        "0": "multi:softprob",
        "1": "multi:softprob",
        "2": "multi:softprob",
        "3": "multi:softprob",
        "4": "multi:softprob"
    },
    "random_state": {
        "0": 1234,
        "1": 1234,
        "2": 1234,
        "3": 1234,
        "4": 1234
    },
    "reg_alpha": {
        "0": 0.0,
        "1": 0.0,
        "2": 0.0,
        "3": 0.0,
        "4": 0.0
    },
    "reg_lambda": {
        "0": 1.0,
        "1": 1.0,
        "2": 1.0,
        "3": 1.0,
        "4": 1.0
    },
    "scale_pos_weight": {
        "0": 1,
        "1": 1,
        "2": 1,
        "3": 1,
        "4": 1
    },
    "score_f_name": {
        "0": "LOGLOSS",
        "1": "LOGLOSS",
        "2": "LOGLOSS",
        "3": "LOGLOSS",
        "4": "LOGLOSS"
    },
    "silent": {
        "0": true,
        "1": true,
        "2": true,
        "3": true,
        "4": true
    },
    "subsample": {
        "0": 0.7,
        "1": 0.7,
        "2": 0.7,
        "3": 0.7,
        "4": 0.7
    },
    "tree_method": {
        "0": "hist",
        "1": "hist",
        "2": "hist",
        "3": "hist",
        "4": "hist"
    },
    "scores": {
        "0": 0.1369981325,
        "1": 0.1428172208,
        "2": 0.2185978443,
        "3": 0.2199566719,
        "4": 0.2317478079
    },
    "scores_sd": {
        "0": 0.0714469032,
        "1": 0.069043622,
        "2": 0.1330973459,
        "3": 0.1002834862,
        "4": 0.1189821742
    },
    "training_times": {
        "0": 0.3891990185,
        "1": 0.3829202652,
        "2": 0.4057102203,
        "3": 3.2029736042,
        "4": 0.3450615406
    },
    "rel_time": {
        "0": 0.1215117783,
        "1": 0.1195514895,
        "2": 0.1266667386,
        "3": 1.0,
        "4": 0.1077316217
    },
    "best_iterations": {
        "0": 233,
        "1": 194,
        "2": 85,
        "3": 158,
        "4": 79
    },
    "rel_best_iterations": {
        "0": 1.0,
        "1": 0.8326180258,
        "2": 0.364806867,
        "3": 0.678111588,
        "4": 0.339055794
    },
    "ngenes_start": {
        "0": 12,
        "1": 8,
        "2": 11,
        "3": 4,
        "4": 4
    },
    "ngenes_max": {
        "0": 27144806,
        "1": 27144806,
        "2": 100000000,
        "3": 27144806,
        "4": 100000000
    },
    "ngenes": {
        "0": 12,
        "1": 8,
        "2": 9,
        "3": 4,
        "4": 4
    },
    "nfeatures_max": {
        "0": 27144806,
        "1": 27144806,
        "2": 100000000,
        "3": 27144806,
        "4": 100000000
    },
    "nfeatures": {
        "0": 19,
        "1": 15,
        "2": 18,
        "3": 4,
        "4": 4
    },
    "rel_scores": {
        "0": 1.0,
        "1": 0.959254996,
        "2": 0.6267130995,
        "3": 0.6228414504,
        "4": 0.5911517947
    },
    "complexity": {
        "0": 1058.1795688823,
        "1": 587.3729223553,
        "2": 289.5233798981,
        "3": 239.1879426086,
        "4": 119.5939713043
    },
    "z-score": {
        "0": 0.0,
        "1": 0.0814463323,
        "2": 1.1421028492,
        "3": 1.1611215545,
        "4": 1.3261551033
    },
    "isbest": {
        "0": "",
        "1": "*",
        "2": "",
        "3": "",
        "4": ""
    },
    "good": {
        "0": "+",
        "1": "+",
        "2": "",
        "3": "",
        "4": ""
    }
}